consumer_id,date,energy_consumed
C0000,2023-01-01,6.782392923075917
C0000,2023-01-02,9.834980587057021
C0000,2023-01-03,9.815791140197817
C0000,2023-01-04,9.954825688019419
C0000,2023-01-05,1.0644299035484954
C0000,2023-01-06,10.437984727765427
C0000,2023-01-07,12.224529185198332
C0000,2023-01-08,11.064851145638618
C0000,2023-01-09,5.333189217529815
C0000,2023-01-10,1.0907246541952176
C0000,2023-01-11,13.144007606697786
C0000,2023-01-12,9.35247278451327
C0000,2023-01-13,10.117052788820867
C0000,2023-01-14,10.016727145720989
C0000,2023-01-15,0.6139087220566256
C0000,2023-01-16,12.1034533557881
C0000,2023-01-17,12.739268826796463
C0000,2023-01-18,10.849499863383002
C0000,2023-01-19,11.401741697170484
C0000,2023-01-20,0.7376428682347784
C0000,2023-01-21,12.17886901366731
C0000,2023-01-22,9.873388568955436
C0000,2023-01-23,10.219509934042764
C0000,2023-01-24,8.9005774254424
C0000,2023-01-25,1.1001503165723214
C0000,2023-01-26,11.388969251031563
C0000,2023-01-27,11.582760291152367
C0000,2023-01-28,10.885540975449237
C0000,2023-01-29,11.043743554970712
C0000,2023-01-30,0.8522413824863113
C0001,2023-01-01,12.324586230391416
C0001,2023-01-02,13.43495843327728
C0001,2023-01-03,14.006877562451722
C0001,2023-01-04,14.956504554150808
C0001,2023-01-05,13.949675379521056
C0001,2023-01-06,14.716159516510828
C0001,2023-01-07,8.949843930134596
C0001,2023-01-08,8.469829888464359
C0001,2023-01-09,12.05208618704524
C0001,2023-01-10,16.19393163428777
C0001,2023-01-11,14.286109740322715
C0001,2023-01-12,11.864403073414893
C0001,2023-01-13,13.50095971935054
C0001,2023-01-14,17.547216321228248
C0001,2023-01-15,14.02541281421069
C0001,2023-01-16,13.564651382254494
C0001,2023-01-17,9.944932167869307
C0001,2023-01-18,12.695682962957953
C0001,2023-01-19,14.270145371306317
C0001,2023-01-20,11.327152238609292
C0001,2023-01-21,10.797214665387926
C0001,2023-01-22,14.799195084384348
C0001,2023-01-23,12.793961907478586
C0001,2023-01-24,13.689226114983406
C0001,2023-01-25,16.287630620925984
C0001,2023-01-26,16.510456511756352
C0001,2023-01-27,10.862086971012834
C0001,2023-01-28,11.562130181864227
C0001,2023-01-29,7.637715547793364
C0001,2023-01-30,10.007560558997511
C0002,2023-01-01,13.694087026758359
C0002,2023-01-02,12.07127919857312
C0002,2023-01-03,15.23601028483258
C0002,2023-01-04,12.446709065917444
C0002,2023-01-05,12.245170929838368
C0002,2023-01-06,12.72496074773482
C0002,2023-01-07,12.540816090208182
C0002,2023-01-08,10.063620444551855
C0002,2023-01-09,9.372836092870678
C0002,2023-01-10,9.35108473792755
C0002,2023-01-11,12.841069743798537
C0002,2023-01-12,13.792155981757313
C0002,2023-01-13,13.514289886566067
C0002,2023-01-14,11.262119330848614
C0002,2023-01-15,9.453664363316271
C0002,2023-01-16,13.16220974531566
C0002,2023-01-17,13.174496912112982
C0002,2023-01-18,12.173463827427613
C0002,2023-01-19,12.766673417566322
C0002,2023-01-20,14.308303850419968
C0002,2023-01-21,13.208170021449588
C0002,2023-01-22,10.28134132128718
C0002,2023-01-23,14.357579034061557
C0002,2023-01-24,13.364842273053151
C0002,2023-01-25,9.348974622298478
C0002,2023-01-26,13.838452315149672
C0002,2023-01-27,12.429813786065871
C0002,2023-01-28,9.326225828170873
C0002,2023-01-29,10.663787541411384
C0002,2023-01-30,15.462143850265576
C0003,2023-01-01,8.769970697232525
C0003,2023-01-02,14.19629114591801
C0003,2023-01-03,10.627731134439376
C0003,2023-01-04,11.246176370351439
C0003,2023-01-05,12.680311878302954
C0003,2023-01-06,11.592203402073423
C0003,2023-01-07,10.99348291109068
C0003,2023-01-08,7.633544480231797
C0003,2023-01-09,11.977933944481187
C0003,2023-01-10,9.45329159735552
C0003,2023-01-11,11.794025154841604
C0003,2023-01-12,9.272318772586225
C0003,2023-01-13,10.881476227378664
C0003,2023-01-14,9.498259345858223
C0003,2023-01-15,9.452513064249837
C0003,2023-01-16,9.231569024982978
C0003,2023-01-17,8.52386091591647
C0003,2023-01-18,11.089466381238413
C0003,2023-01-19,7.148592897918242
C0003,2023-01-20,13.165080681241356
C0003,2023-01-21,9.055193666213167
C0003,2023-01-22,8.207060236600379
C0003,2023-01-23,11.617821984446529
C0003,2023-01-24,8.11778161180248
C0003,2023-01-25,7.9750028806276365
C0003,2023-01-26,11.896358937699572
C0003,2023-01-27,12.031223155845803
C0003,2023-01-28,13.708540527981866
C0003,2023-01-29,9.531252491472578
C0003,2023-01-30,10.547658108962178
C0004,2023-01-01,15.068655914006776
C0004,2023-01-02,13.477186855598248
C0004,2023-01-03,10.196210031809336
C0004,2023-01-04,11.919945684880132
C0004,2023-01-05,15.10698271891627
C0004,2023-01-06,13.48294429028257
C0004,2023-01-07,15.446063414130398
C0004,2023-01-08,14.173150740445204
C0004,2023-01-09,16.873121986812446
C0004,2023-01-10,13.350807579555216
C0004,2023-01-11,14.306594615488969
C0004,2023-01-12,19.6611987134219
C0004,2023-01-13,16.1503835724974
C0004,2023-01-14,16.343827765336776
C0004,2023-01-15,15.220177342981472
C0004,2023-01-16,14.669438467637194
C0004,2023-01-17,15.753555940836423
C0004,2023-01-18,15.533133291339508
C0004,2023-01-19,13.747066991670003
C0004,2023-01-20,14.557209160010151
C0004,2023-01-21,13.946804371208191
C0004,2023-01-22,14.581327739329714
C0004,2023-01-23,12.351727012768169
C0004,2023-01-24,14.787190972212972
C0004,2023-01-25,16.26858811294254
C0004,2023-01-26,14.814329233616562
C0004,2023-01-27,15.597569224409177
C0004,2023-01-28,14.445715160883212
C0004,2023-01-29,17.21881117688436
C0004,2023-01-30,8.203903756313446
C0005,2023-01-01,8.676930352437637
C0005,2023-01-02,14.251270985312786
C0005,2023-01-03,13.334470300978175
C0005,2023-01-04,9.559138913734548
C0005,2023-01-05,8.596664081312865
C0005,2023-01-06,10.520169290905084
C0005,2023-01-07,15.216304904448371
C0005,2023-01-08,13.094328695019527
C0005,2023-01-09,10.647816223839975
C0005,2023-01-10,13.737738233621645
C0005,2023-01-11,12.524185350269903
C0005,2023-01-12,9.784879006070573
C0005,2023-01-13,13.183474269421879
C0005,2023-01-14,7.2238049381620115
C0005,2023-01-15,10.487160292164452
C0005,2023-01-16,11.20184933481674
C0005,2023-01-17,8.604418090096729
C0005,2023-01-18,10.416510896532689
C0005,2023-01-19,12.625364913726631
C0005,2023-01-20,8.077772826679201
C0005,2023-01-21,12.09193127286501
C0005,2023-01-22,13.804767842704766
C0005,2023-01-23,12.002741225039616
C0005,2023-01-24,9.921944504643456
C0005,2023-01-25,12.7274476730034
C0005,2023-01-26,10.298739493142612
C0005,2023-01-27,8.53508062930789
C0005,2023-01-28,10.090725728885547
C0005,2023-01-29,11.873358705532626
C0005,2023-01-30,10.157518338739022
C0006,2023-01-01,16.122482649782043
C0006,2023-01-02,12.761431452873863
C0006,2023-01-03,16.958865675633575
C0006,2023-01-04,18.120859650729866
C0006,2023-01-05,15.751801235062345
C0006,2023-01-06,14.02512168406527
C0006,2023-01-07,16.427633745356143
C0006,2023-01-08,13.878845620417232
C0006,2023-01-09,18.57451699156972
C0006,2023-01-10,13.685020029795696
C0006,2023-01-11,20.296166833709425
C0006,2023-01-12,15.476381774760055
C0006,2023-01-13,16.86108787172866
C0006,2023-01-14,14.270429151261975
C0006,2023-01-15,13.251289506047419
C0006,2023-01-16,14.453718490649662
C0006,2023-01-17,18.44864958097174
C0006,2023-01-18,13.036213503068465
C0006,2023-01-19,16.91309012678978
C0006,2023-01-20,13.310674191674485
C0006,2023-01-21,17.357218022151088
C0006,2023-01-22,15.393566232387002
C0006,2023-01-23,16.092784346599753
C0006,2023-01-24,16.835172598443627
C0006,2023-01-25,12.872529626685433
C0006,2023-01-26,15.51022411798079
C0006,2023-01-27,17.29998790190275
C0006,2023-01-28,15.552698632314913
C0006,2023-01-29,14.353274910173099
C0006,2023-01-30,12.603543248290224
C0007,2023-01-01,7.995914746756951
C0007,2023-01-02,11.235334185725282
C0007,2023-01-03,9.202409907442219
C0007,2023-01-04,7.804853173041183
C0007,2023-01-05,7.982755177992069
C0007,2023-01-06,8.78130893878887
C0007,2023-01-07,13.587703918160106
C0007,2023-01-08,12.299953265619438
C0007,2023-01-09,6.511929390590392
C0007,2023-01-10,7.483548436533049
C0007,2023-01-11,8.88716972750077
C0007,2023-01-12,13.438549573102053
C0007,2023-01-13,12.220551639221297
C0007,2023-01-14,10.951727885902207
C0007,2023-01-15,10.603378615966589
C0007,2023-01-16,13.005971634500982
C0007,2023-01-17,11.713718967434644
C0007,2023-01-18,9.897145244948238
C0007,2023-01-19,9.790141331369616
C0007,2023-01-20,10.639329810689032
C0007,2023-01-21,12.875682849520938
C0007,2023-01-22,10.045010137783722
C0007,2023-01-23,7.724251800370686
C0007,2023-01-24,6.531774404520775
C0007,2023-01-25,10.070538379436165
C0007,2023-01-26,12.391031747734509
C0007,2023-01-27,14.879115669498894
C0007,2023-01-28,11.030740330635805
C0007,2023-01-29,12.547079837865077
C0007,2023-01-30,11.18109130659665
C0008,2023-01-01,18.785909548530896
C0008,2023-01-02,19.14784257297777
C0008,2023-01-03,16.36147545386409
C0008,2023-01-04,18.34823114260792
C0008,2023-01-05,19.963387924266044
C0008,2023-01-06,17.53963110194856
C0008,2023-01-07,15.923289469494234
C0008,2023-01-08,17.566471114780914
C0008,2023-01-09,12.76414812425498
C0008,2023-01-10,15.713261955147951
C0008,2023-01-11,13.77562860307895
C0008,2023-01-12,15.394803979305138
C0008,2023-01-13,17.833171817816368
C0008,2023-01-14,16.72382096226005
C0008,2023-01-15,19.272084300371194
C0008,2023-01-16,17.25762340053509
C0008,2023-01-17,17.46784543297031
C0008,2023-01-18,19.09662926724008
C0008,2023-01-19,20.127229019460867
C0008,2023-01-20,15.493280950600557
C0008,2023-01-21,20.233621258944858
C0008,2023-01-22,17.12389650495652
C0008,2023-01-23,19.413963545749578
C0008,2023-01-24,17.629442205512383
C0008,2023-01-25,15.416406458096812
C0008,2023-01-26,19.242849782732325
C0008,2023-01-27,17.01855896151949
C0008,2023-01-28,17.14599208194854
C0008,2023-01-29,17.450733719324425
C0008,2023-01-30,15.860198523781598
C0009,2023-01-01,13.016839703926724
C0009,2023-01-02,14.347563727781216
C0009,2023-01-03,11.981685963663626
C0009,2023-01-04,12.980886520084436
C0009,2023-01-05,13.543353387215411
C0009,2023-01-06,14.296162679602679
C0009,2023-01-07,10.037128857729552
C0009,2023-01-08,8.583280514426072
C0009,2023-01-09,11.42440916487725
C0009,2023-01-10,13.0485731023997
C0009,2023-01-11,7.0010405122656625
C0009,2023-01-12,11.7014824737036
C0009,2023-01-13,15.050500059099052
C0009,2023-01-14,11.10156950281062
C0009,2023-01-15,10.578860449257613
C0009,2023-01-16,11.619900528112867
C0009,2023-01-17,10.86356621804495
C0009,2023-01-18,11.093484042048685
C0009,2023-01-19,13.898107584486464
C0009,2023-01-20,9.267412878353772
C0009,2023-01-21,13.830036686605368
C0009,2023-01-22,14.087807516248684
C0009,2023-01-23,12.812574764967469
C0009,2023-01-24,14.977654510700335
C0009,2023-01-25,9.763936428000182
C0009,2023-01-26,11.752539668439368
C0009,2023-01-27,10.655180722552029
C0009,2023-01-28,9.851255477685735
C0009,2023-01-29,10.130977993987386
C0009,2023-01-30,12.077396659279316
C0010,2023-01-01,16.14664083007484
C0010,2023-01-02,16.456384398740457
C0010,2023-01-03,16.695058573697196
C0010,2023-01-04,17.034010824058974
C0010,2023-01-05,16.63198364958983
C0010,2023-01-06,16.39049438713848
C0010,2023-01-07,16.692974488330982
C0010,2023-01-08,19.724046395065933
C0010,2023-01-09,15.39498171625058
C0010,2023-01-10,19.512589300926507
C0010,2023-01-11,19.25002532907328
C0010,2023-01-12,18.82051782622598
C0010,2023-01-13,19.295420172511683
C0010,2023-01-14,14.45416361445551
C0010,2023-01-15,16.54355075695124
C0010,2023-01-16,18.714766838237416
C0010,2023-01-17,17.43560611530763
C0010,2023-01-18,18.832278518584836
C0010,2023-01-19,15.746252504022726
C0010,2023-01-20,18.52809753947911
C0010,2023-01-21,16.189427160238825
C0010,2023-01-22,15.54979683938319
C0010,2023-01-23,17.446267946641782
C0010,2023-01-24,18.52107229985627
C0010,2023-01-25,17.96747458602999
C0010,2023-01-26,17.092161907466842
C0010,2023-01-27,14.761124867517402
C0010,2023-01-28,16.9250408717342
C0010,2023-01-29,16.669454546052062
C0010,2023-01-30,16.39758142028717
C0011,2023-01-01,12.45680547268015
C0011,2023-01-02,13.153756183612694
C0011,2023-01-03,17.10138237182401
C0011,2023-01-04,11.410237891944558
C0011,2023-01-05,13.538970270163457
C0011,2023-01-06,15.239496762614735
C0011,2023-01-07,14.113506680782706
C0011,2023-01-08,16.61320128958164
C0011,2023-01-09,13.332208162688106
C0011,2023-01-10,14.285109956222634
C0011,2023-01-11,13.613293174588213
C0011,2023-01-12,13.559387467542233
C0011,2023-01-13,15.255477319983957
C0011,2023-01-14,11.090374061462962
C0011,2023-01-15,13.508932011461631
C0011,2023-01-16,14.7498780325498
C0011,2023-01-17,14.578288308658307
C0011,2023-01-18,9.785583601517796
C0011,2023-01-19,13.563215077254776
C0011,2023-01-20,14.788395705956912
C0011,2023-01-21,12.33272932367364
C0011,2023-01-22,11.670681551781424
C0011,2023-01-23,13.833880054396603
C0011,2023-01-24,12.441294616369532
C0011,2023-01-25,12.028166323131114
C0011,2023-01-26,11.572631434059467
C0011,2023-01-27,15.91236653219255
C0011,2023-01-28,15.744099736777375
C0011,2023-01-29,12.282804385543228
C0011,2023-01-30,11.360444091357826
C0012,2023-01-01,13.257590024497384
C0012,2023-01-02,11.892963906321729
C0012,2023-01-03,13.378383063403229
C0012,2023-01-04,9.141410173071272
C0012,2023-01-05,9.884670581008784
C0012,2023-01-06,10.977559863264634
C0012,2023-01-07,10.147213553589067
C0012,2023-01-08,11.378710413961524
C0012,2023-01-09,11.044424551095888
C0012,2023-01-10,10.15999540147358
C0012,2023-01-11,12.998639981777645
C0012,2023-01-12,11.643596017062155
C0012,2023-01-13,12.046946348824711
C0012,2023-01-14,13.276257564880716
C0012,2023-01-15,11.048202393059523
C0012,2023-01-16,10.681402141870658
C0012,2023-01-17,10.630512776727231
C0012,2023-01-18,15.549438157805609
C0012,2023-01-19,14.325918296440726
C0012,2023-01-20,11.377637585329161
C0012,2023-01-21,10.116822930628956
C0012,2023-01-22,10.31836867889824
C0012,2023-01-23,12.556825572207337
C0012,2023-01-24,13.366398571410418
C0012,2023-01-25,11.74170894261796
C0012,2023-01-26,10.691791434112037
C0012,2023-01-27,15.844550047667065
C0012,2023-01-28,12.31796025507157
C0012,2023-01-29,11.990206387670533
C0012,2023-01-30,11.683582369803398
C0013,2023-01-01,11.75544745296264
C0013,2023-01-02,13.846389489385949
C0013,2023-01-03,14.341266368141364
C0013,2023-01-04,13.600721938431107
C0013,2023-01-05,16.470936282780958
C0013,2023-01-06,11.234063539322769
C0013,2023-01-07,16.685581900911785
C0013,2023-01-08,13.973627875355346
C0013,2023-01-09,17.988469341026295
C0013,2023-01-10,14.670066505996004
C0013,2023-01-11,17.688770800991023
C0013,2023-01-12,14.187446105972498
C0013,2023-01-13,15.421419472903155
C0013,2023-01-14,20.702813648915956
C0013,2023-01-15,14.766145183058002
C0013,2023-01-16,13.459369681096181
C0013,2023-01-17,17.275154671255617
C0013,2023-01-18,17.7379064139154
C0013,2023-01-19,15.83015301697644
C0013,2023-01-20,14.88590959965466
C0013,2023-01-21,12.62901240239553
C0013,2023-01-22,20.019644535662003
C0013,2023-01-23,15.028641751350982
C0013,2023-01-24,14.93013739406662
C0013,2023-01-25,17.150761652207972
C0013,2023-01-26,16.595260999562143
C0013,2023-01-27,14.512753171032813
C0013,2023-01-28,15.183109189681401
C0013,2023-01-29,16.082958092807413
C0013,2023-01-30,16.40048228941429
C0014,2023-01-01,18.073037777567396
C0014,2023-01-02,18.145333830761107
C0014,2023-01-03,14.318382149938323
C0014,2023-01-04,18.26679841436571
C0014,2023-01-05,22.564376868876952
C0014,2023-01-06,21.92512202905055
C0014,2023-01-07,22.933899447057073
C0014,2023-01-08,20.912003199250467
C0014,2023-01-09,19.260459508096265
C0014,2023-01-10,15.929498971996246
C0014,2023-01-11,20.042794343877652
C0014,2023-01-12,20.416601197463375
C0014,2023-01-13,19.164952794490592
C0014,2023-01-14,22.94428288652232
C0014,2023-01-15,19.92404676913976
C0014,2023-01-16,21.25431037188379
C0014,2023-01-17,19.02937923561259
C0014,2023-01-18,19.16000131066614
C0014,2023-01-19,18.381951368438553
C0014,2023-01-20,21.92172658190323
C0014,2023-01-21,21.1271212828185
C0014,2023-01-22,21.888960161035897
C0014,2023-01-23,24.007722651098547
C0014,2023-01-24,19.104672264235543
C0014,2023-01-25,19.47514773292876
C0014,2023-01-26,17.697565037369817
C0014,2023-01-27,16.0641046449613
C0014,2023-01-28,19.284320851080018
C0014,2023-01-29,22.011807646221435
C0014,2023-01-30,23.27447826041595
C0015,2023-01-01,15.607815285149984
C0015,2023-01-02,15.334909851848577
C0015,2023-01-03,15.368018711568672
C0015,2023-01-04,18.40288207986751
C0015,2023-01-05,17.937430339327186
C0015,2023-01-06,16.036214016199146
C0015,2023-01-07,18.990352709975
C0015,2023-01-08,17.069313755365528
C0015,2023-01-09,16.65158248956708
C0015,2023-01-10,16.492539855992277
C0015,2023-01-11,15.267824236661928
C0015,2023-01-12,18.088946730204395
C0015,2023-01-13,16.572962002017253
C0015,2023-01-14,16.100044052831127
C0015,2023-01-15,19.183438101646573
C0015,2023-01-16,15.288257466618571
C0015,2023-01-17,13.815753470686037
C0015,2023-01-18,19.60505329191816
C0015,2023-01-19,15.02032977632901
C0015,2023-01-20,18.568698532081008
C0015,2023-01-21,16.50118595377846
C0015,2023-01-22,18.79620610408361
C0015,2023-01-23,14.909299416958369
C0015,2023-01-24,14.66502340312958
C0015,2023-01-25,16.55471301778426
C0015,2023-01-26,15.70084719175671
C0015,2023-01-27,15.128677766498928
C0015,2023-01-28,21.896953313813956
C0015,2023-01-29,19.925724091158596
C0015,2023-01-30,16.879128159844235
C0016,2023-01-01,13.126286310024724
C0016,2023-01-02,13.49476501055037
C0016,2023-01-03,13.898284841915192
C0016,2023-01-04,15.715886713287768
C0016,2023-01-05,13.873085353050502
C0016,2023-01-06,12.521352942553984
C0016,2023-01-07,13.443882541656684
C0016,2023-01-08,13.68301075239528
C0016,2023-01-09,11.745119253413012
C0016,2023-01-10,16.008144265228736
C0016,2023-01-11,15.49145167474688
C0016,2023-01-12,15.682693967752494
C0016,2023-01-13,11.861293019082275
C0016,2023-01-14,14.1919315661409
C0016,2023-01-15,14.717443267588944
C0016,2023-01-16,13.037230647868522
C0016,2023-01-17,15.503073458612473
C0016,2023-01-18,15.31562238244506
C0016,2023-01-19,14.696742441960003
C0016,2023-01-20,14.764460866598952
C0016,2023-01-21,14.735686940657876
C0016,2023-01-22,15.863496397142223
C0016,2023-01-23,11.852421181408914
C0016,2023-01-24,15.631459125133986
C0016,2023-01-25,11.077742140699328
C0016,2023-01-26,13.082471270683314
C0016,2023-01-27,12.279626895586285
C0016,2023-01-28,17.728552870020877
C0016,2023-01-29,15.615214166146483
C0016,2023-01-30,16.93682156777177
C0017,2023-01-01,17.45926866824933
C0017,2023-01-02,18.268662796076544
C0017,2023-01-03,19.687585629809302
C0017,2023-01-04,22.970770328246218
C0017,2023-01-05,17.476583033187804
C0017,2023-01-06,15.53656287189147
C0017,2023-01-07,17.9503740734447
C0017,2023-01-08,18.07500291470872
C0017,2023-01-09,18.350896310227807
C0017,2023-01-10,19.501868671798736
C0017,2023-01-11,18.385614934301056
C0017,2023-01-12,19.988170035418225
C0017,2023-01-13,18.19969333070443
C0017,2023-01-14,19.322990045182717
C0017,2023-01-15,19.375034884598122
C0017,2023-01-16,20.804568426205105
C0017,2023-01-17,16.642112648695754
C0017,2023-01-18,17.61259679585328
C0017,2023-01-19,15.857588339260943
C0017,2023-01-20,14.190216464990709
C0017,2023-01-21,21.216791343703893
C0017,2023-01-22,21.445141132091603
C0017,2023-01-23,20.006124451891203
C0017,2023-01-24,16.02959014331867
C0017,2023-01-25,18.65225885788045
C0017,2023-01-26,16.251291284877407
C0017,2023-01-27,19.40091387939554
C0017,2023-01-28,17.264782850155935
C0017,2023-01-29,18.044296175234003
C0017,2023-01-30,21.937178449261875
C0018,2023-01-01,9.980219715823555
C0018,2023-01-02,7.274921820422726
C0018,2023-01-03,11.554006688267977
C0018,2023-01-04,9.784718908730104
C0018,2023-01-05,6.9874365437538914
C0018,2023-01-06,11.260147963185323
C0018,2023-01-07,6.344972033985997
C0018,2023-01-08,9.249033798101472
C0018,2023-01-09,11.690406108777683
C0018,2023-01-10,10.50238009550287
C0018,2023-01-11,10.809786390874592
C0018,2023-01-12,8.456801387421631
C0018,2023-01-13,11.513672158937755
C0018,2023-01-14,13.200546555327126
C0018,2023-01-15,11.041175761956504
C0018,2023-01-16,10.09073029080751
C0018,2023-01-17,12.834345475743271
C0018,2023-01-18,13.5850171752097
C0018,2023-01-19,11.264896794308056
C0018,2023-01-20,11.49121655900696
C0018,2023-01-21,11.59228427256359
C0018,2023-01-22,9.26504677691467
C0018,2023-01-23,8.892987522850166
C0018,2023-01-24,11.683572714592968
C0018,2023-01-25,10.948786765300802
C0018,2023-01-26,12.144661922847662
C0018,2023-01-27,7.619738113507335
C0018,2023-01-28,8.808711548733687
C0018,2023-01-29,7.20532653363839
C0018,2023-01-30,12.345010053411137
C0019,2023-01-01,12.180279441119767
C0019,2023-01-02,12.819628099603348
C0019,2023-01-03,10.942697444335233
C0019,2023-01-04,9.788859429401182
C0019,2023-01-05,9.93655402098875
C0019,2023-01-06,12.234275078834562
C0019,2023-01-07,12.652297283822087
C0019,2023-01-08,15.712933341578484
C0019,2023-01-09,10.209358352505685
C0019,2023-01-10,11.954353431204813
C0019,2023-01-11,14.0809473069568
C0019,2023-01-12,15.125272393615468
C0019,2023-01-13,10.106720272236956
C0019,2023-01-14,13.129947497932811
C0019,2023-01-15,12.37222558083451
C0019,2023-01-16,8.253286519685142
C0019,2023-01-17,11.165050209730262
C0019,2023-01-18,12.84560900197354
C0019,2023-01-19,10.496510296723992
C0019,2023-01-20,11.930194242562585
C0019,2023-01-21,13.58540956909378
C0019,2023-01-22,11.668579780415186
C0019,2023-01-23,12.335556591021223
C0019,2023-01-24,11.669199548568283
C0019,2023-01-25,12.258611684359714
C0019,2023-01-26,11.148586918303307
C0019,2023-01-27,11.323729772889802
C0019,2023-01-28,10.815720833483109
C0019,2023-01-29,10.227498915845855
C0019,2023-01-30,11.724420593329848
C0020,2023-01-01,17.66638689419855
C0020,2023-01-02,15.22976166068178
C0020,2023-01-03,15.450960789105691
C0020,2023-01-04,18.3028991704113
C0020,2023-01-05,17.298287490017024
C0020,2023-01-06,18.729713811618993
C0020,2023-01-07,18.327714056606837
C0020,2023-01-08,17.870844942658252
C0020,2023-01-09,17.949232540188817
C0020,2023-01-10,14.923447764544942
C0020,2023-01-11,16.560385411338878
C0020,2023-01-12,17.380217826768536
C0020,2023-01-13,15.303364001455455
C0020,2023-01-14,16.465263956260102
C0020,2023-01-15,17.440473742521377
C0020,2023-01-16,14.821541633219589
C0020,2023-01-17,17.850601269514254
C0020,2023-01-18,15.606281787529852
C0020,2023-01-19,17.9061258233548
C0020,2023-01-20,14.753228460377098
C0020,2023-01-21,15.170651256310393
C0020,2023-01-22,13.887807486945263
C0020,2023-01-23,18.36939691825597
C0020,2023-01-24,16.717019905777196
C0020,2023-01-25,16.90770430284268
C0020,2023-01-26,12.703798381798226
C0020,2023-01-27,18.572417078301317
C0020,2023-01-28,16.813008065291957
C0020,2023-01-29,16.45713512925526
C0020,2023-01-30,21.428593134610445
C0021,2023-01-01,14.535042115471725
C0021,2023-01-02,13.796093520491889
C0021,2023-01-03,17.44782771043727
C0021,2023-01-04,13.718318129993342
C0021,2023-01-05,14.70007549539979
C0021,2023-01-06,15.854047173729427
C0021,2023-01-07,14.831682451995047
C0021,2023-01-08,14.271273622582369
C0021,2023-01-09,13.525627314729926
C0021,2023-01-10,14.321852044680961
C0021,2023-01-11,17.612905875836987
C0021,2023-01-12,13.715411446175999
C0021,2023-01-13,11.934310271502525
C0021,2023-01-14,14.519982494245278
C0021,2023-01-15,14.715767167705136
C0021,2023-01-16,19.57189069172058
C0021,2023-01-17,16.967398972825016
C0021,2023-01-18,13.51578889919808
C0021,2023-01-19,13.610925339299435
C0021,2023-01-20,11.03875359067383
C0021,2023-01-21,16.21143217969926
C0021,2023-01-22,12.781352588381328
C0021,2023-01-23,16.044012684471923
C0021,2023-01-24,14.471061311044654
C0021,2023-01-25,10.371714388793656
C0021,2023-01-26,18.598669606519273
C0021,2023-01-27,13.362890662126537
C0021,2023-01-28,13.665895465379762
C0021,2023-01-29,16.679833503018653
C0021,2023-01-30,14.231592249798048
C0022,2023-01-01,11.393631017975915
C0022,2023-01-02,9.499258042940438
C0022,2023-01-03,10.477481064804715
C0022,2023-01-04,16.38185653351828
C0022,2023-01-05,10.978344188701943
C0022,2023-01-06,10.16125401968027
C0022,2023-01-07,12.906888879455952
C0022,2023-01-08,8.071163678825314
C0022,2023-01-09,11.299066168264302
C0022,2023-01-10,11.66606097384452
C0022,2023-01-11,13.539758731023403
C0022,2023-01-12,12.48549973161309
C0022,2023-01-13,12.370721461486072
C0022,2023-01-14,14.68341826186904
C0022,2023-01-15,15.381589769076706
C0022,2023-01-16,11.757411769830421
C0022,2023-01-17,9.578655831525968
C0022,2023-01-18,11.311687783038417
C0022,2023-01-19,14.545815079635384
C0022,2023-01-20,12.391362417593475
C0022,2023-01-21,11.9481995415645
C0022,2023-01-22,13.558220135912936
C0022,2023-01-23,8.808842447847194
C0022,2023-01-24,10.594246452783628
C0022,2023-01-25,9.63894663718144
C0022,2023-01-26,12.786300416870855
C0022,2023-01-27,14.252616391168424
C0022,2023-01-28,13.696648170607343
C0022,2023-01-29,13.33186882350231
C0022,2023-01-30,11.7425759447924
C0023,2023-01-01,14.757629750664746
C0023,2023-01-02,12.693607570216368
C0023,2023-01-03,11.252802033968765
C0023,2023-01-04,11.898089012647945
C0023,2023-01-05,15.074655584586708
C0023,2023-01-06,11.554309806068545
C0023,2023-01-07,12.567384777768032
C0023,2023-01-08,14.50672871675888
C0023,2023-01-09,8.944297750229467
C0023,2023-01-10,12.243902859080874
C0023,2023-01-11,13.462373890045786
C0023,2023-01-12,9.501303547205032
C0023,2023-01-13,12.824729597740498
C0023,2023-01-14,14.391984112267718
C0023,2023-01-15,11.614390519032245
C0023,2023-01-16,14.698957023839865
C0023,2023-01-17,13.547270638613597
C0023,2023-01-18,11.260471780324083
C0023,2023-01-19,15.701934899954757
C0023,2023-01-20,14.285351164860598
C0023,2023-01-21,13.439407211246364
C0023,2023-01-22,14.186842595322538
C0023,2023-01-23,11.439933583439666
C0023,2023-01-24,12.520788342631274
C0023,2023-01-25,13.9481941716047
C0023,2023-01-26,9.880228106061649
C0023,2023-01-27,13.1378743951509
C0023,2023-01-28,12.661387944836104
C0023,2023-01-29,14.96976108812189
C0023,2023-01-30,14.162532738487377
C0024,2023-01-01,8.601078438127871
C0024,2023-01-02,11.266059161033331
C0024,2023-01-03,10.766835304775766
C0024,2023-01-04,11.473995934492699
C0024,2023-01-05,12.94325960941471
C0024,2023-01-06,10.202138733435856
C0024,2023-01-07,11.363863015922064
C0024,2023-01-08,8.577881919160586
C0024,2023-01-09,9.804186499891788
C0024,2023-01-10,11.99699540084354
C0024,2023-01-11,13.872354625990573
C0024,2023-01-12,10.794407004734362
C0024,2023-01-13,12.660637301508007
C0024,2023-01-14,9.336284055119503
C0024,2023-01-15,11.058686273605137
C0024,2023-01-16,10.737512582914
C0024,2023-01-17,9.326856124010545
C0024,2023-01-18,12.847134755519972
C0024,2023-01-19,7.263521468223251
C0024,2023-01-20,10.73037198968319
C0024,2023-01-21,10.293624853519901
C0024,2023-01-22,9.714589068512703
C0024,2023-01-23,8.354822718489803
C0024,2023-01-24,11.926082884369983
C0024,2023-01-25,11.06076387537869
C0024,2023-01-26,12.707280394817648
C0024,2023-01-27,9.45180492949823
C0024,2023-01-28,9.386392991004533
C0024,2023-01-29,9.306962443773479
C0024,2023-01-30,8.302542021598882
C0025,2023-01-01,16.8953794941692
C0025,2023-01-02,14.023717915133538
C0025,2023-01-03,12.724730474999411
C0025,2023-01-04,16.422801246422292
C0025,2023-01-05,15.644390206725838
C0025,2023-01-06,14.791422779701847
C0025,2023-01-07,15.849726334934427
C0025,2023-01-08,15.040046513086956
C0025,2023-01-09,17.8723524003531
C0025,2023-01-10,13.522159634373141
C0025,2023-01-11,15.796412368260297
C0025,2023-01-12,15.407604648989139
C0025,2023-01-13,14.606745618348608
C0025,2023-01-14,16.09725257816106
C0025,2023-01-15,16.382404646554257
C0025,2023-01-16,18.42441518803795
C0025,2023-01-17,14.460163999860882
C0025,2023-01-18,12.000109399234187
C0025,2023-01-19,18.40986086370231
C0025,2023-01-20,18.24331984842951
C0025,2023-01-21,17.058364266250926
C0025,2023-01-22,17.206996704558712
C0025,2023-01-23,16.017499303009988
C0025,2023-01-24,15.476178198233828
C0025,2023-01-25,14.290190072286636
C0025,2023-01-26,18.168009168693583
C0025,2023-01-27,17.249500510486104
C0025,2023-01-28,16.822388184451157
C0025,2023-01-29,16.191781355847475
C0025,2023-01-30,15.480380670958123
C0026,2023-01-01,18.426126355444612
C0026,2023-01-02,18.080641234567032
C0026,2023-01-03,15.389013692037716
C0026,2023-01-04,18.310353128341685
C0026,2023-01-05,17.886069131990855
C0026,2023-01-06,18.732406665171
C0026,2023-01-07,18.384537608977293
C0026,2023-01-08,14.92813748855001
C0026,2023-01-09,17.540602286585198
C0026,2023-01-10,14.10988920422238
C0026,2023-01-11,21.35143714388549
C0026,2023-01-12,18.5899784889623
C0026,2023-01-13,16.010305693707785
C0026,2023-01-14,19.140287871558048
C0026,2023-01-15,20.0758144915173
C0026,2023-01-16,19.53829979478145
C0026,2023-01-17,20.31774186881552
C0026,2023-01-18,16.696809063734932
C0026,2023-01-19,17.71431863778896
C0026,2023-01-20,18.120916095352275
C0026,2023-01-21,13.907973313572132
C0026,2023-01-22,19.652542903827058
C0026,2023-01-23,18.31469983118935
C0026,2023-01-24,19.81442537517564
C0026,2023-01-25,15.556539165299611
C0026,2023-01-26,21.075079273809035
C0026,2023-01-27,16.54466979095581
C0026,2023-01-28,17.286157100503882
C0026,2023-01-29,18.198912797129733
C0026,2023-01-30,16.93653790198786
C0027,2023-01-01,8.52431340546454
C0027,2023-01-02,11.656414396067415
C0027,2023-01-03,11.784605316681969
C0027,2023-01-04,11.544850987353344
C0027,2023-01-05,9.150517990182776
C0027,2023-01-06,10.389862461016724
C0027,2023-01-07,12.99333691457467
C0027,2023-01-08,11.893855902189681
C0027,2023-01-09,8.745650357752712
C0027,2023-01-10,9.705558382248418
C0027,2023-01-11,12.367125179379325
C0027,2023-01-12,10.877680602858616
C0027,2023-01-13,13.203387066770672
C0027,2023-01-14,10.78483531096762
C0027,2023-01-15,11.491989505242552
C0027,2023-01-16,13.066711069681634
C0027,2023-01-17,11.15229218167764
C0027,2023-01-18,10.855677565817896
C0027,2023-01-19,10.59798352690314
C0027,2023-01-20,10.618193597140614
C0027,2023-01-21,9.569411111234043
C0027,2023-01-22,11.282609191435998
C0027,2023-01-23,11.469605477736177
C0027,2023-01-24,8.404407524965304
C0027,2023-01-25,6.70760881049158
C0027,2023-01-26,10.57612398685706
C0027,2023-01-27,12.413631365223273
C0027,2023-01-28,9.588155019150909
C0027,2023-01-29,11.341465933108992
C0027,2023-01-30,11.360427029027981
C0028,2023-01-01,12.130674129244829
C0028,2023-01-02,10.362333219639488
C0028,2023-01-03,12.968512965056735
C0028,2023-01-04,10.230622711558262
C0028,2023-01-05,10.801101295879288
C0028,2023-01-06,13.07612403802276
C0028,2023-01-07,15.00896138019158
C0028,2023-01-08,11.412572614653733
C0028,2023-01-09,16.02275747455627
C0028,2023-01-10,15.532084570633227
C0028,2023-01-11,11.766926066180485
C0028,2023-01-12,10.328818918956548
C0028,2023-01-13,9.362176787802985
C0028,2023-01-14,8.98485662933278
C0028,2023-01-15,9.93202351637084
C0028,2023-01-16,8.475996332377681
C0028,2023-01-17,10.1984159289525
C0028,2023-01-18,13.545463866798011
C0028,2023-01-19,12.018742154973841
C0028,2023-01-20,13.049153504603133
C0028,2023-01-21,11.708856775008732
C0028,2023-01-22,11.347041194948131
C0028,2023-01-23,10.972015265173136
C0028,2023-01-24,12.773323251724246
C0028,2023-01-25,12.265199286359978
C0028,2023-01-26,11.702531590668391
C0028,2023-01-27,10.260876388609589
C0028,2023-01-28,11.767964324912754
C0028,2023-01-29,14.329847272300654
C0028,2023-01-30,10.97907162925605
C0029,2023-01-01,20.35790918887686
C0029,2023-01-02,18.909085192720216
C0029,2023-01-03,14.027570184517646
C0029,2023-01-04,17.277616646047456
C0029,2023-01-05,20.251542482519135
C0029,2023-01-06,15.94780347043346
C0029,2023-01-07,16.375475346213026
C0029,2023-01-08,21.67058821532871
C0029,2023-01-09,16.303999049056873
C0029,2023-01-10,16.473276209986324
C0029,2023-01-11,15.611620876798028
C0029,2023-01-12,18.828350798747053
C0029,2023-01-13,18.951314128408427
C0029,2023-01-14,19.11177068801028
C0029,2023-01-15,18.045284097434227
C0029,2023-01-16,20.1178558813721
C0029,2023-01-17,22.11660184074787
C0029,2023-01-18,21.261112504331784
C0029,2023-01-19,19.731561512200134
C0029,2023-01-20,15.75017128314507
C0029,2023-01-21,23.64222607890736
C0029,2023-01-22,18.179955397444356
C0029,2023-01-23,17.049784005413894
C0029,2023-01-24,18.90430105919809
C0029,2023-01-25,16.433844535725004
C0029,2023-01-26,21.638942581851374
C0029,2023-01-27,21.83453713976134
C0029,2023-01-28,18.09629654355728
C0029,2023-01-29,21.917519183595605
C0029,2023-01-30,17.394414518497662
C0030,2023-01-01,21.108876601099425
C0030,2023-01-02,19.549810759009414
C0030,2023-01-03,15.495703521359529
C0030,2023-01-04,20.73522184092722
C0030,2023-01-05,20.412021558043687
C0030,2023-01-06,24.98354678643139
C0030,2023-01-07,17.419990554928933
C0030,2023-01-08,18.69053355518245
C0030,2023-01-09,25.777417291385845
C0030,2023-01-10,19.324090528897106
C0030,2023-01-11,20.500476137226844
C0030,2023-01-12,20.35405488210083
C0030,2023-01-13,19.515844329813643
C0030,2023-01-14,17.498189152726635
C0030,2023-01-15,22.15540949129842
C0030,2023-01-16,19.775136938593814
C0030,2023-01-17,18.193118482088398
C0030,2023-01-18,20.540151123222437
C0030,2023-01-19,19.678127323931477
C0030,2023-01-20,23.937780987597915
C0030,2023-01-21,16.301704429335455
C0030,2023-01-22,19.527004225129748
C0030,2023-01-23,17.370673901936286
C0030,2023-01-24,16.867936599524363
C0030,2023-01-25,19.20487096309146
C0030,2023-01-26,22.368390231529006
C0030,2023-01-27,21.848329136589633
C0030,2023-01-28,21.99614824819488
C0030,2023-01-29,22.782687611730143
C0030,2023-01-30,16.366330551042694
C0031,2023-01-01,18.493114589520488
C0031,2023-01-02,20.514446822343817
C0031,2023-01-03,17.24491375038055
C0031,2023-01-04,17.0873551806834
C0031,2023-01-05,14.363877229813715
C0031,2023-01-06,18.186273783818375
C0031,2023-01-07,13.829594448704537
C0031,2023-01-08,15.274273868946583
C0031,2023-01-09,16.428908288382516
C0031,2023-01-10,17.516629608982665
C0031,2023-01-11,18.37139873508176
C0031,2023-01-12,19.70145539154151
C0031,2023-01-13,17.301911765126047
C0031,2023-01-14,17.87921616405258
C0031,2023-01-15,14.216379462389057
C0031,2023-01-16,16.104482289282966
C0031,2023-01-17,17.503817540701718
C0031,2023-01-18,17.230247815275742
C0031,2023-01-19,17.3635776324251
C0031,2023-01-20,18.398250913030935
C0031,2023-01-21,17.859614048621545
C0031,2023-01-22,19.009307016962925
C0031,2023-01-23,18.331397277180994
C0031,2023-01-24,19.76348470682294
C0031,2023-01-25,19.416654372392802
C0031,2023-01-26,14.818365598172896
C0031,2023-01-27,18.475495574260485
C0031,2023-01-28,16.021589547801486
C0031,2023-01-29,15.400117904662814
C0031,2023-01-30,16.425396145258233
C0032,2023-01-01,17.436531427761476
C0032,2023-01-02,19.22385512715997
C0032,2023-01-03,16.88695300814882
C0032,2023-01-04,17.39945108405603
C0032,2023-01-05,16.058949354458274
C0032,2023-01-06,16.667478803734344
C0032,2023-01-07,15.56098467039011
C0032,2023-01-08,17.88212222110381
C0032,2023-01-09,18.236400681286828
C0032,2023-01-10,17.07122069567808
C0032,2023-01-11,17.705073334489242
C0032,2023-01-12,16.682161046063307
C0032,2023-01-13,15.637916995422042
C0032,2023-01-14,16.068884585743394
C0032,2023-01-15,14.898483307579642
C0032,2023-01-16,16.92408602985753
C0032,2023-01-17,16.567083681499344
C0032,2023-01-18,17.666101839317015
C0032,2023-01-19,15.804883932645962
C0032,2023-01-20,14.802574644397746
C0032,2023-01-21,14.329498020422477
C0032,2023-01-22,15.456200854319523
C0032,2023-01-23,16.026289107968466
C0032,2023-01-24,16.10881384896648
C0032,2023-01-25,16.317645624345534
C0032,2023-01-26,15.509122002634978
C0032,2023-01-27,17.746973957222934
C0032,2023-01-28,18.20317119110694
C0032,2023-01-29,16.134351192419963
C0032,2023-01-30,13.814133300862185
C0033,2023-01-01,14.381528510222289
C0033,2023-01-02,12.870969824866055
C0033,2023-01-03,12.186709938804167
C0033,2023-01-04,9.439252174007674
C0033,2023-01-05,11.564051557706941
C0033,2023-01-06,13.505610594724565
C0033,2023-01-07,12.619405406561642
C0033,2023-01-08,14.008322800251744
C0033,2023-01-09,13.539119755163767
C0033,2023-01-10,9.682993081723147
C0033,2023-01-11,9.669595004868313
C0033,2023-01-12,12.062135253790792
C0033,2023-01-13,17.578025541896643
C0033,2023-01-14,10.157127706976384
C0033,2023-01-15,11.864822067901233
C0033,2023-01-16,11.619275572557386
C0033,2023-01-17,15.808085068520258
C0033,2023-01-18,16.022781250965735
C0033,2023-01-19,15.028141891852744
C0033,2023-01-20,14.878384495425596
C0033,2023-01-21,11.17898611760449
C0033,2023-01-22,13.722700811884726
C0033,2023-01-23,9.594593363241874
C0033,2023-01-24,13.708807046738128
C0033,2023-01-25,12.690770499109544
C0033,2023-01-26,14.129494941973904
C0033,2023-01-27,15.313613687129232
C0033,2023-01-28,10.204451396602686
C0033,2023-01-29,10.872701916328568
C0033,2023-01-30,10.599825519086846
C0034,2023-01-01,15.18833980290833
C0034,2023-01-02,13.23508067373528
C0034,2023-01-03,15.330598291330084
C0034,2023-01-04,13.095495162505323
C0034,2023-01-05,16.202780077721176
C0034,2023-01-06,12.814779377699573
C0034,2023-01-07,17.410933526670867
C0034,2023-01-08,7.78046161583645
C0034,2023-01-09,18.987538973940808
C0034,2023-01-10,13.761680625518117
C0034,2023-01-11,13.94723200789985
C0034,2023-01-12,14.05966048256343
C0034,2023-01-13,13.412993281577275
C0034,2023-01-14,14.852730303733917
C0034,2023-01-15,12.435675841252749
C0034,2023-01-16,15.680814432561927
C0034,2023-01-17,10.722438402207196
C0034,2023-01-18,9.62628023305566
C0034,2023-01-19,13.785252881775712
C0034,2023-01-20,15.098033142013671
C0034,2023-01-21,12.681028570873094
C0034,2023-01-22,13.755168740783928
C0034,2023-01-23,16.311076538430044
C0034,2023-01-24,15.777659516506677
C0034,2023-01-25,15.696841686218574
C0034,2023-01-26,9.86673399599663
C0034,2023-01-27,13.932346920840683
C0034,2023-01-28,18.339915838586588
C0034,2023-01-29,14.657744374698593
C0034,2023-01-30,16.216774742128102
C0035,2023-01-01,11.28427280095401
C0035,2023-01-02,9.306380361009797
C0035,2023-01-03,11.195933630243905
C0035,2023-01-04,9.199600794984772
C0035,2023-01-05,9.58608949164949
C0035,2023-01-06,15.628052493462562
C0035,2023-01-07,10.523920755234707
C0035,2023-01-08,8.176091111895662
C0035,2023-01-09,10.776442358131776
C0035,2023-01-10,12.57094523860236
C0035,2023-01-11,11.639740864636607
C0035,2023-01-12,11.803976476170906
C0035,2023-01-13,12.707236618184009
C0035,2023-01-14,6.770770604654289
C0035,2023-01-15,12.975431486516355
C0035,2023-01-16,12.557655257023415
C0035,2023-01-17,12.514460582002801
C0035,2023-01-18,8.450092850673256
C0035,2023-01-19,7.438506380966924
C0035,2023-01-20,8.854780342763135
C0035,2023-01-21,8.531256338656352
C0035,2023-01-22,6.547595105094368
C0035,2023-01-23,13.358616294851476
C0035,2023-01-24,9.359314905406713
C0035,2023-01-25,5.597200397798024
C0035,2023-01-26,13.348271320253819
C0035,2023-01-27,15.15490188266494
C0035,2023-01-28,13.731744765995135
C0035,2023-01-29,7.992327177065415
C0035,2023-01-30,12.143332196420758
C0036,2023-01-01,11.98699561473876
C0036,2023-01-02,14.505923817755416
C0036,2023-01-03,13.012855063981174
C0036,2023-01-04,13.363763702354936
C0036,2023-01-05,9.808564911956056
C0036,2023-01-06,16.025960793654132
C0036,2023-01-07,17.055919037380537
C0036,2023-01-08,11.37034452162246
C0036,2023-01-09,13.428189828172375
C0036,2023-01-10,15.282265166949767
C0036,2023-01-11,15.89461588324057
C0036,2023-01-12,13.46551429647359
C0036,2023-01-13,13.110318332703885
C0036,2023-01-14,12.360006232116293
C0036,2023-01-15,16.818941413633745
C0036,2023-01-16,12.974512341273226
C0036,2023-01-17,15.723260393205642
C0036,2023-01-18,14.489704556082033
C0036,2023-01-19,14.693448940636138
C0036,2023-01-20,16.311142061415993
C0036,2023-01-21,14.397456584905141
C0036,2023-01-22,13.830188292543648
C0036,2023-01-23,14.261507777893424
C0036,2023-01-24,13.626276882163438
C0036,2023-01-25,15.80213429489343
C0036,2023-01-26,15.166854694075164
C0036,2023-01-27,14.183095498015783
C0036,2023-01-28,14.609892894841526
C0036,2023-01-29,16.24899418557638
C0036,2023-01-30,14.67720290021852
C0037,2023-01-01,15.801121929973453
C0037,2023-01-02,17.825579605114786
C0037,2023-01-03,17.77706992384716
C0037,2023-01-04,18.47101535121757
C0037,2023-01-05,13.595943420062289
C0037,2023-01-06,19.689590732421898
C0037,2023-01-07,18.29490009207184
C0037,2023-01-08,19.182032193088794
C0037,2023-01-09,17.16816942934339
C0037,2023-01-10,14.762323192628713
C0037,2023-01-11,16.176047614121867
C0037,2023-01-12,16.520872464017216
C0037,2023-01-13,17.424087304857828
C0037,2023-01-14,19.9693107390348
C0037,2023-01-15,20.072993075205567
C0037,2023-01-16,13.182885509470001
C0037,2023-01-17,14.86567988660138
C0037,2023-01-18,17.754462738700845
C0037,2023-01-19,20.16976381554364
C0037,2023-01-20,12.782439526811654
C0037,2023-01-21,20.230088804140117
C0037,2023-01-22,14.879045472290658
C0037,2023-01-23,22.514527436451797
C0037,2023-01-24,15.808491265386616
C0037,2023-01-25,19.503859850867318
C0037,2023-01-26,19.565539624572825
C0037,2023-01-27,18.171867173931055
C0037,2023-01-28,17.992594301073346
C0037,2023-01-29,15.855999243103266
C0037,2023-01-30,16.74298263845528
C0038,2023-01-01,10.801030927685881
C0038,2023-01-02,14.006459497287182
C0038,2023-01-03,14.841763215455948
C0038,2023-01-04,13.957129328988024
C0038,2023-01-05,15.854476358859689
C0038,2023-01-06,13.942917065651192
C0038,2023-01-07,16.069211348379074
C0038,2023-01-08,16.823391699352403
C0038,2023-01-09,15.238633355990007
C0038,2023-01-10,17.13377184854378
C0038,2023-01-11,12.106547900969518
C0038,2023-01-12,13.999919953972821
C0038,2023-01-13,14.912866042108774
C0038,2023-01-14,14.499968888721742
C0038,2023-01-15,17.272898364809137
C0038,2023-01-16,15.37282916015106
C0038,2023-01-17,12.878302652963372
C0038,2023-01-18,15.84146279766194
C0038,2023-01-19,15.610827638671836
C0038,2023-01-20,13.756067298088373
C0038,2023-01-21,14.580972509291561
C0038,2023-01-22,12.334788006857595
C0038,2023-01-23,13.478525715102997
C0038,2023-01-24,11.559583554914562
C0038,2023-01-25,17.3281161520376
C0038,2023-01-26,14.202031228421617
C0038,2023-01-27,14.69493007794999
C0038,2023-01-28,16.013346627342305
C0038,2023-01-29,13.722116518289932
C0038,2023-01-30,13.247381680121897
C0039,2023-01-01,11.530112007263421
C0039,2023-01-02,12.855906264843128
C0039,2023-01-03,11.985702968009685
C0039,2023-01-04,10.258307926389032
C0039,2023-01-05,5.694316837661354
C0039,2023-01-06,8.943149420562632
C0039,2023-01-07,12.5805713277704
C0039,2023-01-08,9.291881315953763
C0039,2023-01-09,11.360286945357387
C0039,2023-01-10,8.076677111703923
C0039,2023-01-11,10.101615229667765
C0039,2023-01-12,5.981121393112195
C0039,2023-01-13,11.128687857741934
C0039,2023-01-14,10.871509937161594
C0039,2023-01-15,11.26647772784338
C0039,2023-01-16,13.947613619333648
C0039,2023-01-17,10.230937402551646
C0039,2023-01-18,11.280514352485314
C0039,2023-01-19,13.299178669228025
C0039,2023-01-20,11.879286823579388
C0039,2023-01-21,10.285545128941036
C0039,2023-01-22,11.632862774844101
C0039,2023-01-23,10.916118522735731
C0039,2023-01-24,12.454034773699846
C0039,2023-01-25,12.722610488990444
C0039,2023-01-26,11.812550906505873
C0039,2023-01-27,8.19386848499475
C0039,2023-01-28,12.710669446618894
C0039,2023-01-29,11.333200004885853
C0039,2023-01-30,10.973589387049193
C0040,2023-01-01,17.797250048868026
C0040,2023-01-02,15.550979545640612
C0040,2023-01-03,16.41968343730726
C0040,2023-01-04,14.134076413771075
C0040,2023-01-05,16.250486160687878
C0040,2023-01-06,15.292932288461559
C0040,2023-01-07,17.494702376706062
C0040,2023-01-08,16.787839167056024
C0040,2023-01-09,16.178479503117433
C0040,2023-01-10,18.4910031489765
C0040,2023-01-11,16.3408919250114
C0040,2023-01-12,17.880499400448464
C0040,2023-01-13,16.698375560964532
C0040,2023-01-14,20.119763035265915
C0040,2023-01-15,17.2899922314709
C0040,2023-01-16,15.554568601297593
C0040,2023-01-17,19.3746599556681
C0040,2023-01-18,18.936259865997503
C0040,2023-01-19,20.258451571261652
C0040,2023-01-20,19.380910538211896
C0040,2023-01-21,19.520940752910537
C0040,2023-01-22,17.345084555996987
C0040,2023-01-23,14.528307346762007
C0040,2023-01-24,16.14424760879281
C0040,2023-01-25,21.18628080479858
C0040,2023-01-26,17.552027870021963
C0040,2023-01-27,16.89638361455111
C0040,2023-01-28,18.810731355815584
C0040,2023-01-29,18.074537261049713
C0040,2023-01-30,19.328870233943192
C0041,2023-01-01,13.956824882310933
C0041,2023-01-02,14.972253001648447
C0041,2023-01-03,15.673661813762635
C0041,2023-01-04,16.827724542341212
C0041,2023-01-05,16.176218782458317
C0041,2023-01-06,11.688109954105904
C0041,2023-01-07,16.397766921683978
C0041,2023-01-08,11.401598083632493
C0041,2023-01-09,10.187465892925257
C0041,2023-01-10,10.763343975006137
C0041,2023-01-11,15.740596232756404
C0041,2023-01-12,14.039758780747844
C0041,2023-01-13,15.53461810088699
C0041,2023-01-14,18.222111419654066
C0041,2023-01-15,15.839566767526579
C0041,2023-01-16,16.093691141309673
C0041,2023-01-17,14.056424013376288
C0041,2023-01-18,16.437640721078775
C0041,2023-01-19,15.696381384491254
C0041,2023-01-20,18.707880415967445
C0041,2023-01-21,14.639286138474981
C0041,2023-01-22,11.117108787861174
C0041,2023-01-23,17.566702374117213
C0041,2023-01-24,14.682759241405194
C0041,2023-01-25,19.06656468090631
C0041,2023-01-26,15.190837188849025
C0041,2023-01-27,16.85155763396407
C0041,2023-01-28,15.547749101868005
C0041,2023-01-29,15.332107156936278
C0041,2023-01-30,17.85125492667398
C0042,2023-01-01,12.383744357154844
C0042,2023-01-02,11.921419572757415
C0042,2023-01-03,11.075483310074594
C0042,2023-01-04,14.309436758166255
C0042,2023-01-05,15.382635040860968
C0042,2023-01-06,16.195055440483785
C0042,2023-01-07,14.684478787535124
C0042,2023-01-08,12.667380926177037
C0042,2023-01-09,12.510043987118747
C0042,2023-01-10,18.717310191753842
C0042,2023-01-11,15.84915494618711
C0042,2023-01-12,16.302359256417322
C0042,2023-01-13,14.235832853041693
C0042,2023-01-14,14.952595433347094
C0042,2023-01-15,14.024459983366018
C0042,2023-01-16,14.769564052449818
C0042,2023-01-17,14.345313985561555
C0042,2023-01-18,16.627983097072246
C0042,2023-01-19,14.61340133106836
C0042,2023-01-20,14.312680961512745
C0042,2023-01-21,17.15989548233493
C0042,2023-01-22,17.943270266934682
C0042,2023-01-23,15.070369301695383
C0042,2023-01-24,15.59085229046115
C0042,2023-01-25,16.447192506838423
C0042,2023-01-26,11.645888642979713
C0042,2023-01-27,16.834748289278064
C0042,2023-01-28,15.2854636267792
C0042,2023-01-29,12.447435639347155
C0042,2023-01-30,17.129882229334036
C0043,2023-01-01,20.302697899774422
C0043,2023-01-02,19.538739722795544
C0043,2023-01-03,18.980738492330328
C0043,2023-01-04,18.945637651246173
C0043,2023-01-05,22.607320512611835
C0043,2023-01-06,18.094122576906088
C0043,2023-01-07,18.338859174850498
C0043,2023-01-08,20.78537732677407
C0043,2023-01-09,20.58853365522949
C0043,2023-01-10,17.494083482439162
C0043,2023-01-11,17.808507450693224
C0043,2023-01-12,19.734599473368913
C0043,2023-01-13,16.828832782795335
C0043,2023-01-14,19.082408366880312
C0043,2023-01-15,15.225416628214406
C0043,2023-01-16,18.302903184086578
C0043,2023-01-17,19.115120211431837
C0043,2023-01-18,22.773808373228498
C0043,2023-01-19,17.900948584686777
C0043,2023-01-20,15.331234830360673
C0043,2023-01-21,17.787149571993236
C0043,2023-01-22,21.090871401205977
C0043,2023-01-23,18.824698157570992
C0043,2023-01-24,17.39743336423465
C0043,2023-01-25,17.406347018581712
C0043,2023-01-26,18.311880305465895
C0043,2023-01-27,19.21838212879333
C0043,2023-01-28,20.46110544060223
C0043,2023-01-29,17.25977869894878
C0043,2023-01-30,20.56324308298494
C0044,2023-01-01,16.02453541345359
C0044,2023-01-02,15.81863498507099
C0044,2023-01-03,15.182714514432964
C0044,2023-01-04,12.55612048071264
C0044,2023-01-05,14.27881237037728
C0044,2023-01-06,14.494880881534868
C0044,2023-01-07,16.077989173775425
C0044,2023-01-08,13.800249050110317
C0044,2023-01-09,13.616948466383679
C0044,2023-01-10,15.15156870888056
C0044,2023-01-11,17.11846730130353
C0044,2023-01-12,13.203864913946127
C0044,2023-01-13,11.978335987706698
C0044,2023-01-14,16.873284702835694
C0044,2023-01-15,13.45890140813396
C0044,2023-01-16,18.973539525250438
C0044,2023-01-17,16.51322020339236
C0044,2023-01-18,17.28653075055441
C0044,2023-01-19,11.08250748165188
C0044,2023-01-20,16.964155712335003
C0044,2023-01-21,14.481391728540984
C0044,2023-01-22,13.881240375097365
C0044,2023-01-23,14.650907928526035
C0044,2023-01-24,17.354849107353097
C0044,2023-01-25,16.01510333143369
C0044,2023-01-26,16.468445786306063
C0044,2023-01-27,16.485175998054427
C0044,2023-01-28,12.941638109292782
C0044,2023-01-29,13.23543759998368
C0044,2023-01-30,16.02531402683627
C0045,2023-01-01,10.404510014525009
C0045,2023-01-02,13.210438062256067
C0045,2023-01-03,12.46631017409718
C0045,2023-01-04,13.907951477750105
C0045,2023-01-05,10.769680804167123
C0045,2023-01-06,12.84059845377227
C0045,2023-01-07,9.773535625074103
C0045,2023-01-08,12.115316823231275
C0045,2023-01-09,17.095372244540375
C0045,2023-01-10,10.8706116086487
C0045,2023-01-11,11.534466139287673
C0045,2023-01-12,12.72835263369192
C0045,2023-01-13,11.411033398128433
C0045,2023-01-14,12.021317612912823
C0045,2023-01-15,14.912793917777334
C0045,2023-01-16,9.486759921206913
C0045,2023-01-17,14.19020217799355
C0045,2023-01-18,15.359853902460172
C0045,2023-01-19,13.73877450685959
C0045,2023-01-20,10.11044886921772
C0045,2023-01-21,10.101736487790816
C0045,2023-01-22,11.794286149421154
C0045,2023-01-23,12.128805021134927
C0045,2023-01-24,11.596662317707802
C0045,2023-01-25,15.283170360371257
C0045,2023-01-26,10.01434581068937
C0045,2023-01-27,14.942479702278455
C0045,2023-01-28,12.353287974350732
C0045,2023-01-29,8.48725744911451
C0045,2023-01-30,11.00029583570402
C0046,2023-01-01,10.79986636945325
C0046,2023-01-02,8.055269983245248
C0046,2023-01-03,13.671066912251106
C0046,2023-01-04,12.245019414976861
C0046,2023-01-05,11.02416384332291
C0046,2023-01-06,11.419244521063169
C0046,2023-01-07,13.470967976619342
C0046,2023-01-08,10.803944386364831
C0046,2023-01-09,13.42750743644417
C0046,2023-01-10,14.81921901167426
C0046,2023-01-11,13.232197014782253
C0046,2023-01-12,12.297768062010642
C0046,2023-01-13,12.124560091301007
C0046,2023-01-14,8.256638223443016
C0046,2023-01-15,8.773372099006455
C0046,2023-01-16,11.195525472050015
C0046,2023-01-17,10.275045702779252
C0046,2023-01-18,15.449750645969473
C0046,2023-01-19,10.582802670540422
C0046,2023-01-20,13.470835499532704
C0046,2023-01-21,10.481751779922119
C0046,2023-01-22,8.455920133787037
C0046,2023-01-23,11.66607946454211
C0046,2023-01-24,14.036687176049417
C0046,2023-01-25,12.772599308177695
C0046,2023-01-26,11.032140493582913
C0046,2023-01-27,8.947326688319688
C0046,2023-01-28,15.025944826380206
C0046,2023-01-29,10.485286429828268
C0046,2023-01-30,9.610225868571316
C0047,2023-01-01,12.826559656593888
C0047,2023-01-02,13.800489838256867
C0047,2023-01-03,14.505707466393869
C0047,2023-01-04,12.548769816871122
C0047,2023-01-05,12.85713519355862
C0047,2023-01-06,11.533378113380127
C0047,2023-01-07,14.906332157574358
C0047,2023-01-08,18.141316586349866
C0047,2023-01-09,15.525091588034774
C0047,2023-01-10,15.425892901785684
C0047,2023-01-11,15.547231738437953
C0047,2023-01-12,11.892530291393813
C0047,2023-01-13,13.695362692294651
C0047,2023-01-14,14.570055669890031
C0047,2023-01-15,14.797890233408802
C0047,2023-01-16,16.55433434969203
C0047,2023-01-17,14.140509894411137
C0047,2023-01-18,16.624023764279453
C0047,2023-01-19,11.493124821213684
C0047,2023-01-20,18.827585943020487
C0047,2023-01-21,7.651846184604104
C0047,2023-01-22,16.74982486920361
C0047,2023-01-23,10.543539974252301
C0047,2023-01-24,13.204320573898235
C0047,2023-01-25,11.899133289038012
C0047,2023-01-26,15.912659329161476
C0047,2023-01-27,14.566639449567827
C0047,2023-01-28,13.941721917095807
C0047,2023-01-29,12.90710175982887
C0047,2023-01-30,10.111622871334827
C0048,2023-01-01,14.98522269938412
C0048,2023-01-02,13.634325050310323
C0048,2023-01-03,15.643179635081536
C0048,2023-01-04,19.30646112592626
C0048,2023-01-05,16.13244500424827
C0048,2023-01-06,15.837595761753398
C0048,2023-01-07,18.20144220355515
C0048,2023-01-08,13.12632334176323
C0048,2023-01-09,13.266640376710662
C0048,2023-01-10,18.494375503390675
C0048,2023-01-11,19.559222044067734
C0048,2023-01-12,16.68984725082914
C0048,2023-01-13,15.024721335596272
C0048,2023-01-14,14.870500063444034
C0048,2023-01-15,18.466995786992868
C0048,2023-01-16,16.24535347295939
C0048,2023-01-17,16.97864585176684
C0048,2023-01-18,13.088098208409946
C0048,2023-01-19,18.640032264399423
C0048,2023-01-20,17.422696131182942
C0048,2023-01-21,20.18623677161722
C0048,2023-01-22,16.485298001991037
C0048,2023-01-23,14.635093648255957
C0048,2023-01-24,15.200118482196764
C0048,2023-01-25,14.738071687320748
C0048,2023-01-26,17.61075412446519
C0048,2023-01-27,14.659775061654875
C0048,2023-01-28,15.653049047887697
C0048,2023-01-29,15.551567389812801
C0048,2023-01-30,19.6243159423701
C0049,2023-01-01,11.218864451386585
C0049,2023-01-02,15.831082494953154
C0049,2023-01-03,15.178323442922233
C0049,2023-01-04,14.704236227684465
C0049,2023-01-05,14.119870794022415
C0049,2023-01-06,12.154949912649753
C0049,2023-01-07,13.84164588687211
C0049,2023-01-08,15.493434941643756
C0049,2023-01-09,16.069458927700058
C0049,2023-01-10,14.447404634736417
C0049,2023-01-11,15.770828205433023
C0049,2023-01-12,12.99346463595463
C0049,2023-01-13,17.5771410573888
C0049,2023-01-14,13.784868225614733
C0049,2023-01-15,15.206135042700971
C0049,2023-01-16,19.930747929952894
C0049,2023-01-17,15.32724858151656
C0049,2023-01-18,18.532326880615866
C0049,2023-01-19,13.244700565726053
C0049,2023-01-20,15.587909933640411
C0049,2023-01-21,14.684578561509015
C0049,2023-01-22,13.302617610664607
C0049,2023-01-23,13.886685784700127
C0049,2023-01-24,12.805570371324977
C0049,2023-01-25,13.480621753145208
C0049,2023-01-26,13.424202527942766
C0049,2023-01-27,13.484518374874188
C0049,2023-01-28,14.158249856790135
C0049,2023-01-29,13.945709809645665
C0049,2023-01-30,16.18296151389206
