consumer_id,date,avg_voltage,voltage_variance
C0000,2023-01-01,233.29222257519794,2.4031874919706144
C0000,2023-01-02,231.6544736283122,1.6805052499238637
C0000,2023-01-03,230.74215351709717,0.7156699362775837
C0000,2023-01-04,227.61578461820076,2.348416141835232
C0000,2023-01-05,231.5463770271246,2.2407971008835887
C0000,2023-01-06,230.23849738983338,0.8452487424951916
C0000,2023-01-07,200.0,15.0
C0000,2023-01-08,230.88480189585317,0.20784309840069293
C0000,2023-01-09,231.45318854474894,1.0393254790781588
C0000,2023-01-10,228.7046429480214,1.91233095748149
C0000,2023-01-11,229.18565270143802,1.9195435903202873
C0000,2023-01-12,234.8027464659714,4.917751438003596
C0000,2023-01-13,227.92025411132738,4.7389662060248
C0000,2023-01-14,200.0,15.0
C0000,2023-01-15,227.5925435456187,3.021331324343607
C0000,2023-01-16,230.6462689901208,3.27224046908887
C0000,2023-01-17,231.26154978932973,2.5661392094492697
C0000,2023-01-18,230.92208970989387,2.1657542157991916
C0000,2023-01-19,229.40860800641875,2.0491824837209505
C0000,2023-01-20,231.4673605310655,1.8813751898595048
C0000,2023-01-21,200.0,15.0
C0000,2023-01-22,228.4662357065844,3.6999483556472157
C0000,2023-01-23,229.32326706929246,3.6977112344921643
C0000,2023-01-24,229.02477198209982,1.1125895368713101
C0000,2023-01-25,228.72189966948713,4.82378092381558
C0000,2023-01-26,226.04629155722745,3.269446513968429
C0000,2023-01-27,232.0658352306102,0.29749328981130085
C0000,2023-01-28,200.0,15.0
C0000,2023-01-29,230.54143138330534,0.542284449754078
C0000,2023-01-30,228.47746622438908,0.5989813975710767
C0001,2023-01-01,229.23848933153545,4.4512440653514345
C0001,2023-01-02,227.91784928821644,4.549740950593788
C0001,2023-01-03,232.8605907177644,0.5175551461930095
C0001,2023-01-04,229.10011365639616,0.23302483491272952
C0001,2023-01-05,225.96392561581146,2.1984842606939448
C0001,2023-01-06,225.3497052791746,4.121395784312535
C0001,2023-01-07,229.39742502928252,3.5473992084679513
C0001,2023-01-08,228.37145968880571,4.1358330700397685
C0001,2023-01-09,227.10530889933605,4.9747640409494185
C0001,2023-01-10,230.11091680586685,3.459654980653098
C0001,2023-01-11,228.2096147214734,3.217712764796307
C0001,2023-01-12,231.1844561384994,4.911309695927283
C0001,2023-01-13,231.72857595256485,3.5772278282659133
C0001,2023-01-14,230.21405050453401,2.5915584689445255
C0001,2023-01-15,228.23594859482023,0.30969996622024043
C0001,2023-01-16,231.4513781005614,4.731578990339754
C0001,2023-01-17,229.53308192736887,3.3831794847045886
C0001,2023-01-18,226.68866520673438,1.3036905198013353
C0001,2023-01-19,226.57653043003052,3.189191733712824
C0001,2023-01-20,231.78668484196618,0.19737913171298804
C0001,2023-01-21,228.44762773544176,3.6113511121747726
C0001,2023-01-22,228.85061401041088,2.7866778533438623
C0001,2023-01-23,227.91653194594846,3.7297775045807287
C0001,2023-01-24,231.15510554697389,1.4935310490226388
C0001,2023-01-25,228.83690550565635,1.7683337441297864
C0001,2023-01-26,228.66938281047612,0.3658071553358422
C0001,2023-01-27,228.8763265797511,0.4985807404945358
C0001,2023-01-28,230.9623719755495,1.9521851426031818
C0001,2023-01-29,225.33800215420945,0.983495780756668
C0001,2023-01-30,230.6915752278184,2.257497084983086
C0002,2023-01-01,230.3584924478864,0.8229844890432425
C0002,2023-01-02,227.8747841748616,1.7226406336727484
C0002,2023-01-03,226.62221765768228,3.554408502135425
C0002,2023-01-04,230.40171942053104,0.022880415978299706
C0002,2023-01-05,232.12717531979712,1.0891491402108477
C0002,2023-01-06,229.9193572342487,1.19814939312612
C0002,2023-01-07,227.32414846330985,2.916628718283766
C0002,2023-01-08,227.74614538379404,4.643339365859904
C0002,2023-01-09,230.77296306436608,2.2514569608451103
C0002,2023-01-10,228.16769765637798,1.085931512385988
C0002,2023-01-11,229.6773727716325,3.271777834329288
C0002,2023-01-12,227.9269389326095,1.0753874810931068
C0002,2023-01-13,232.13184030034907,2.360105964232941
C0002,2023-01-14,228.7070753467671,2.323066689681646
C0002,2023-01-15,233.78147158336637,3.847362138740236
C0002,2023-01-16,230.2383285186776,3.3650200184609966
C0002,2023-01-17,230.16195589794853,0.7110870240943268
C0002,2023-01-18,226.11921815934312,0.24722789364565456
C0002,2023-01-19,228.99476862558495,3.33193186676712
C0002,2023-01-20,228.38950675003733,0.3343919809931811
C0002,2023-01-21,229.87527244042235,1.3479928137095727
C0002,2023-01-22,229.79422904660933,3.572736770337275
C0002,2023-01-23,228.76569139789302,3.427298592726004
C0002,2023-01-24,226.61426700065397,4.024942825196237
C0002,2023-01-25,228.4348467698617,4.106344925531512
C0002,2023-01-26,227.2323868924905,1.8222895114990205
C0002,2023-01-27,228.54498670574264,1.9252012150426951
C0002,2023-01-28,230.4338118032244,3.067763390163967
C0002,2023-01-29,232.53648648616303,1.298936578606769
C0002,2023-01-30,230.69220665018756,3.1452196852772745
C0003,2023-01-01,229.0216308030181,3.8143320723743828
C0003,2023-01-02,229.02666592715119,2.402619021010165
C0003,2023-01-03,229.44527514851768,2.672983316644999
C0003,2023-01-04,229.67481455223077,0.5557547885679903
C0003,2023-01-05,229.61157838402715,2.3088712201079504
C0003,2023-01-06,234.26031933573904,2.754103325606607
C0003,2023-01-07,230.60198985029876,0.34450704744094396
C0003,2023-01-08,230.8012976230281,2.3226215421299337
C0003,2023-01-09,227.9017292232175,1.9339907018807179
C0003,2023-01-10,228.72823022112638,2.5681412458039317
C0003,2023-01-11,232.38365097648182,1.7961908831173612
C0003,2023-01-12,231.19333063165476,4.773975466131094
C0003,2023-01-13,230.98545176037032,3.750402730000108
C0003,2023-01-14,231.29699764886527,0.08753998732470403
C0003,2023-01-15,232.38783033956483,1.480559767667996
C0003,2023-01-16,233.00883402128596,2.5798726035591333
C0003,2023-01-17,227.09401749331536,2.464696978927061
C0003,2023-01-18,231.8517926608202,1.4193422051233857
C0003,2023-01-19,229.1562312829231,1.9159993949963567
C0003,2023-01-20,231.04983008823154,0.319699238760473
C0003,2023-01-21,230.39129973311074,1.8136913062464421
C0003,2023-01-22,228.81776405433916,4.496250540011351
C0003,2023-01-23,231.04500354220983,4.308388302184696
C0003,2023-01-24,230.161414636418,0.5395600841119313
C0003,2023-01-25,230.30260434603147,0.040653312385877105
C0003,2023-01-26,228.92838531974772,1.8045611440521725
C0003,2023-01-27,229.18513238932817,0.010615164909265618
C0003,2023-01-28,231.47022855167523,1.3344246728750575
C0003,2023-01-29,229.43668122365844,2.5128592925804307
C0003,2023-01-30,229.61003338561974,1.0692543673767614
C0004,2023-01-01,231.7273317159209,3.5683144002192817
C0004,2023-01-02,232.2712373977165,3.555075745841138
C0004,2023-01-03,228.5174896845237,4.207386317991071
C0004,2023-01-04,230.54945020142256,3.148389612357393
C0004,2023-01-05,230.11850288783742,3.1643805469985127
C0004,2023-01-06,229.4577527302425,1.3855082734623188
C0004,2023-01-07,231.57540997945264,3.7889632983039485
C0004,2023-01-08,227.346995049515,3.484788691399907
C0004,2023-01-09,231.25619018773116,4.1482643868473685
C0004,2023-01-10,228.66705052474947,4.695463262466466
C0004,2023-01-11,229.66460224592706,0.4008011930916777
C0004,2023-01-12,231.27840459416652,0.6724580599859292
C0004,2023-01-13,231.21088803644355,1.197496034917036
C0004,2023-01-14,227.62406789323563,4.796340766905482
C0004,2023-01-15,230.2083301521661,3.5925239004490814
C0004,2023-01-16,228.11950072932729,3.4955661248035708
C0004,2023-01-17,228.60900045012957,3.452157738483633
C0004,2023-01-18,226.97896708789216,4.907485901812956
C0004,2023-01-19,231.42558576723135,0.4493367065711773
C0004,2023-01-20,227.0000378579709,0.6492461466168065
C0004,2023-01-21,230.79252687539662,3.9615485257558793
C0004,2023-01-22,229.6006396817346,0.7244989742381369
C0004,2023-01-23,229.84008731767668,0.777119452820596
C0004,2023-01-24,225.54652598847582,2.2748797709721975
C0004,2023-01-25,230.90944748713852,4.631371755968565
C0004,2023-01-26,227.11139497392745,3.026953922027576
C0004,2023-01-27,226.58160547497374,0.7788286838313763
C0004,2023-01-28,228.9193857401883,0.3766010777570533
C0004,2023-01-29,230.49763882348282,3.4265948002707747
C0004,2023-01-30,228.29449957014955,4.745533015202298
C0005,2023-01-01,231.06498647536563,1.9295094164886117
C0005,2023-01-02,229.62426407470505,3.565475941938503
C0005,2023-01-03,227.59234823248923,0.030804604433786742
C0005,2023-01-04,232.3917009753199,0.12185669730251925
C0005,2023-01-05,228.86767017617325,1.0055639388732518
C0005,2023-01-06,226.34477321022496,2.808537969545119
C0005,2023-01-07,231.04281906029235,2.708898522633201
C0005,2023-01-08,226.87619013416716,2.7191205345187237
C0005,2023-01-09,228.77982403898372,3.4130014918852565
C0005,2023-01-10,228.01980084436258,1.9069915927809944
C0005,2023-01-11,229.13052604279045,0.4659551223063657
C0005,2023-01-12,231.48155618281857,2.019431301532797
C0005,2023-01-13,228.0843566069978,1.2820017903961083
C0005,2023-01-14,229.82637724526418,4.867453425864688
C0005,2023-01-15,227.0978051902666,0.9783210307984969
C0005,2023-01-16,228.64850096538606,3.2365866818647677
C0005,2023-01-17,228.6761293448666,3.607005613923848
C0005,2023-01-18,228.06743322491297,1.8873782267120476
C0005,2023-01-19,229.88904481622856,1.208230780218949
C0005,2023-01-20,228.48476218173437,0.7521724527828627
C0005,2023-01-21,236.8215179672288,4.628805826130913
C0005,2023-01-22,226.82948565898994,0.9884388125784488
C0005,2023-01-23,231.42443830338365,1.7040796985168571
C0005,2023-01-24,230.74925593871293,4.173167084837756
C0005,2023-01-25,230.6777826225815,1.1721949923196813
C0005,2023-01-26,230.31834034962162,1.4414637792212537
C0005,2023-01-27,231.58980531211733,2.9707267770745465
C0005,2023-01-28,231.30127182039087,2.58788002909214
C0005,2023-01-29,229.52244819369122,3.4484050104551764
C0005,2023-01-30,228.726361833871,0.1445695663055907
C0006,2023-01-01,226.38138502461138,2.767381886959699
C0006,2023-01-02,229.64041937940422,0.8387912388849916
C0006,2023-01-03,229.24473931814916,2.649269690875224
C0006,2023-01-04,226.1858549701076,4.49348750213246
C0006,2023-01-05,227.8445482646369,4.071091301469236
C0006,2023-01-06,229.11047840616996,3.7229769214693054
C0006,2023-01-07,231.9801207241849,1.0544691546603158
C0006,2023-01-08,228.6988221787167,1.4059080086848275
C0006,2023-01-09,235.00151376277802,3.993453235211537
C0006,2023-01-10,230.7653906442998,3.1108367211292998
C0006,2023-01-11,228.11596656985137,1.658252528702013
C0006,2023-01-12,229.1692669109738,2.3228662422524424
C0006,2023-01-13,226.3302612792324,0.8414825089292188
C0006,2023-01-14,228.42160100951136,2.0403285959333024
C0006,2023-01-15,229.41648153244333,1.1579227478332843
C0006,2023-01-16,227.06881403992736,3.120859152815425
C0006,2023-01-17,229.35139797791086,0.8653397504382987
C0006,2023-01-18,230.3490400595127,0.5722584992261454
C0006,2023-01-19,231.96451408987832,4.5407208203535
C0006,2023-01-20,229.74088223882762,4.810558578993957
C0006,2023-01-21,227.72428636047042,1.8877716975146845
C0006,2023-01-22,230.96673400203662,1.343001782599183
C0006,2023-01-23,233.43137275487663,0.4401844241490255
C0006,2023-01-24,231.9205548509184,2.1111183520440058
C0006,2023-01-25,228.00012895137954,0.9780926541959739
C0006,2023-01-26,236.13605530217097,4.962905998103758
C0006,2023-01-27,229.9678495734025,1.7799118024783256
C0006,2023-01-28,227.88826008064632,3.5257354790210513
C0006,2023-01-29,227.73017382561144,2.3745869500415107
C0006,2023-01-30,230.89002541994782,1.5604613165731251
C0007,2023-01-01,227.94453220318817,0.7741980258010034
C0007,2023-01-02,230.6707766137139,4.248478095136713
C0007,2023-01-03,231.64103409795226,4.19714260445809
C0007,2023-01-04,226.49734877703608,3.132080354563821
C0007,2023-01-05,231.85828576672554,0.016536678520495673
C0007,2023-01-06,230.31489099369398,0.07059628459097966
C0007,2023-01-07,232.3906053366858,1.115603262328238
C0007,2023-01-08,227.49850655686095,0.15874033887124606
C0007,2023-01-09,228.2393879553589,4.9870950135777115
C0007,2023-01-10,232.70548074102715,3.4607126252113956
C0007,2023-01-11,230.48684391568833,1.3844305456704658
C0007,2023-01-12,230.82727129794606,3.2174412180742
C0007,2023-01-13,226.1017183767349,2.9837872171489153
C0007,2023-01-14,230.17266410316122,3.655842995319607
C0007,2023-01-15,229.2696323264624,3.5484314052522583
C0007,2023-01-16,230.48513933094137,2.845235127508359
C0007,2023-01-17,227.91276023314595,0.42568887110402076
C0007,2023-01-18,232.7217948923,0.12602917790530077
C0007,2023-01-19,228.8995454373053,4.266706463332742
C0007,2023-01-20,229.12630422171347,3.193092333637874
C0007,2023-01-21,232.20691717023354,0.03613233671313998
C0007,2023-01-22,227.76649319132179,4.772632938524087
C0007,2023-01-23,231.00227105207756,2.5142864727838203
C0007,2023-01-24,230.6093535402651,1.6723632700669362
C0007,2023-01-25,230.12307713655164,3.9991424615115085
C0007,2023-01-26,227.56403592346146,2.3176233232359773
C0007,2023-01-27,230.15035103768506,3.550192851500353
C0007,2023-01-28,230.96184149379522,0.5001074124667132
C0007,2023-01-29,231.84181526373067,4.553940972702109
C0007,2023-01-30,230.07699801753154,2.9618132655287575
C0008,2023-01-01,230.3425722070754,0.6082604684655801
C0008,2023-01-02,230.55457553514353,4.520870058535953
C0008,2023-01-03,231.3690059431096,0.9990144869689521
C0008,2023-01-04,228.58723648527018,0.5217415548645421
C0008,2023-01-05,231.82417907119674,3.286530472284324
C0008,2023-01-06,228.98340567578185,1.2504423782466394
C0008,2023-01-07,230.20984824587245,1.4596154665513583
C0008,2023-01-08,232.1702951282332,0.67901842153824
C0008,2023-01-09,228.45613604429658,4.0021477727238395
C0008,2023-01-10,227.36523210643654,1.8411768073359291
C0008,2023-01-11,227.64540268380964,0.542066354258387
C0008,2023-01-12,229.82652764541058,1.8976653835318902
C0008,2023-01-13,231.606556048466,4.85401684436808
C0008,2023-01-14,231.65915725599424,0.21694279037165476
C0008,2023-01-15,227.7812757817479,4.551663402823599
C0008,2023-01-16,228.05402292286234,3.433137242755179
C0008,2023-01-17,231.56185669032143,3.4744340840964933
C0008,2023-01-18,227.76339226735215,0.4561938325759052
C0008,2023-01-19,228.51373955274212,3.025058093970616
C0008,2023-01-20,230.51049996438897,4.159114819080486
C0008,2023-01-21,237.2323867449862,4.78729719206608
C0008,2023-01-22,231.09876330413059,3.3101672987420483
C0008,2023-01-23,227.9261035372577,2.6108746926123523
C0008,2023-01-24,227.92354672057124,3.8246935441574066
C0008,2023-01-25,231.85143198123737,1.6576358220432912
C0008,2023-01-26,234.4509716714807,4.859513049006978
C0008,2023-01-27,229.18090176442666,2.1779889310081053
C0008,2023-01-28,231.87508620574525,3.38384304546415
C0008,2023-01-29,231.72795489428728,2.459973077829731
C0008,2023-01-30,230.0498903855355,3.7309974957346492
C0009,2023-01-01,231.2447412295947,1.6993041869119885
C0009,2023-01-02,229.4756680893058,4.15750167329702
C0009,2023-01-03,229.2056865850229,0.8606864510049711
C0009,2023-01-04,229.9209586210502,2.8862943662067444
C0009,2023-01-05,226.91732313052236,2.8275861894306766
C0009,2023-01-06,229.95174419167478,0.628562662894937
C0009,2023-01-07,229.61097713055628,2.5077389647342856
C0009,2023-01-08,227.18869376531015,1.3068845618856968
C0009,2023-01-09,233.47382421395227,4.088168229192501
C0009,2023-01-10,229.73727188327234,4.299964739035732
C0009,2023-01-11,231.93050478354215,3.110389331220036
C0009,2023-01-12,230.58225910110102,2.7840624193663994
C0009,2023-01-13,232.61548878335051,0.3204552963813184
C0009,2023-01-14,230.37977536720697,2.8217740889581098
C0009,2023-01-15,231.4797986262686,1.5888528779425908
C0009,2023-01-16,228.6131675998049,1.6247692022465
C0009,2023-01-17,226.22010097106786,4.861621158509022
C0009,2023-01-18,232.55520669324505,4.994120704624854
C0009,2023-01-19,230.1709430305282,4.775115818818914
C0009,2023-01-20,231.17625817704916,0.9828509296028082
C0009,2023-01-21,230.89477518081716,1.7933619483513956
C0009,2023-01-22,227.20109278585318,2.3879329523977644
C0009,2023-01-23,229.50630143107873,3.755058193983011
C0009,2023-01-24,231.58010626023633,4.055334431452838
C0009,2023-01-25,230.87746899376674,4.615683395605177
C0009,2023-01-26,228.99243481152655,3.2061881356659114
C0009,2023-01-27,228.8777284953654,0.3199735137591053
C0009,2023-01-28,232.54702138878454,3.4654273188140006
C0009,2023-01-29,229.81963738450858,4.864813438485404
C0009,2023-01-30,233.2651084109174,0.26172184600506465
C0010,2023-01-01,229.79610629610957,1.3717746876218269
C0010,2023-01-02,232.6963729708621,1.409439381005414
C0010,2023-01-03,231.628230958695,0.1512699380419441
C0010,2023-01-04,229.7512068169607,3.7398812179800034
C0010,2023-01-05,227.21782066550378,1.4737554380645528
C0010,2023-01-06,230.25031221180467,3.9555522383700032
C0010,2023-01-07,231.79433732530225,3.1812616280508452
C0010,2023-01-08,235.03966679337734,0.36369712131692655
C0010,2023-01-09,232.38119641346603,0.24937674958091183
C0010,2023-01-10,226.36565728989675,4.290795618720101
C0010,2023-01-11,229.40976620661345,4.866644297180543
C0010,2023-01-12,232.10574719895686,0.7059550167806911
C0010,2023-01-13,226.30018496065898,4.9670077261347885
C0010,2023-01-14,228.19780315321103,2.6095407584078605
C0010,2023-01-15,233.61802335821346,2.6324867740329436
C0010,2023-01-16,233.3834772334763,4.150567466901059
C0010,2023-01-17,228.81270487689682,1.137763725733854
C0010,2023-01-18,231.19766039892534,2.3260594187089385
C0010,2023-01-19,228.22062450232698,3.1078359798244124
C0010,2023-01-20,227.00497405691357,3.0252182174610196
C0010,2023-01-21,227.26728759480645,1.9449793170727419
C0010,2023-01-22,230.9747340676705,1.4689530285850994
C0010,2023-01-23,231.10480662102717,1.8139586969074484
C0010,2023-01-24,230.01246477584465,0.4110502699724722
C0010,2023-01-25,233.6417127530085,4.366887167724312
C0010,2023-01-26,231.32715910760882,1.0547341504717171
C0010,2023-01-27,231.50218583115057,3.7565398045402216
C0010,2023-01-28,229.87027106489873,4.267676093090154
C0010,2023-01-29,231.10115626591573,0.8557402294408062
C0010,2023-01-30,229.09040120152474,4.70180730023928
C0011,2023-01-01,228.01824831437668,2.8607762067807734
C0011,2023-01-02,227.30390165382295,4.096580242455988
C0011,2023-01-03,227.55371251211946,2.367412709577936
C0011,2023-01-04,230.74610867191188,0.027706383836449966
C0011,2023-01-05,229.1740551669582,4.1219571705704405
C0011,2023-01-06,226.12950261728548,1.0448374637123785
C0011,2023-01-07,230.71191232298813,4.6930989729949
C0011,2023-01-08,228.74231761693088,3.607264843601885
C0011,2023-01-09,231.83658286224153,4.40922179674586
C0011,2023-01-10,231.1048855967204,0.027091372312283424
C0011,2023-01-11,233.0247554708222,2.143898249136904
C0011,2023-01-12,229.3419351588334,0.982228908025089
C0011,2023-01-13,231.29580309421044,4.420858342308866
C0011,2023-01-14,229.54820082136044,0.942649211463561
C0011,2023-01-15,231.3965175808466,4.262797577740452
C0011,2023-01-16,231.4184518689669,1.0870567738302606
C0011,2023-01-17,229.68210204923463,2.166509501929098
C0011,2023-01-18,232.6613180472902,2.2554080081716754
C0011,2023-01-19,229.86968306616524,4.833537272999002
C0011,2023-01-20,230.93877540938394,0.041277032059437446
C0011,2023-01-21,232.41071802842484,2.734952233430812
C0011,2023-01-22,230.30239441926247,4.457409689580239
C0011,2023-01-23,229.45672439760256,1.0093900806789435
C0011,2023-01-24,228.78741288452466,0.9660845778602056
C0011,2023-01-25,228.27790072235825,0.8904597466535413
C0011,2023-01-26,227.69729888625866,0.2892940671135952
C0011,2023-01-27,222.58107252461133,2.425736853821644
C0011,2023-01-28,232.4215190019197,3.321886924572345
C0011,2023-01-29,231.50726089202072,3.8394329694788416
C0011,2023-01-30,228.77295894791334,1.6334230624167223
C0012,2023-01-01,227.82902771328415,1.3320234503106188
C0012,2023-01-02,231.94676835799166,0.014995020881889976
C0012,2023-01-03,227.98657377983207,2.954842061759563
C0012,2023-01-04,231.97339646822724,1.8008375417390226
C0012,2023-01-05,228.28678381231532,0.6095213901886781
C0012,2023-01-06,227.5558849505301,4.322302176803328
C0012,2023-01-07,233.09826474599237,1.150154712774214
C0012,2023-01-08,229.86033024156063,1.7286067928399622
C0012,2023-01-09,234.425432128423,0.031110786870239826
C0012,2023-01-10,231.44213638196956,0.20456804965065967
C0012,2023-01-11,232.5304781328479,4.277639991653873
C0012,2023-01-12,230.0464802313955,2.2177593610971327
C0012,2023-01-13,232.76354981158246,1.0224799067479684
C0012,2023-01-14,229.78305156324154,4.663601095005883
C0012,2023-01-15,230.25784697280832,4.299341033015268
C0012,2023-01-16,231.9913702733309,4.6440046683522
C0012,2023-01-17,231.73141886278398,2.7305130495058605
C0012,2023-01-18,228.62926988935345,1.3385293515423957
C0012,2023-01-19,233.12476873385472,2.221469302931107
C0012,2023-01-20,233.48354000846987,0.5517919378081754
C0012,2023-01-21,228.3648451268953,1.135344064615524
C0012,2023-01-22,229.72917350153915,3.049509907156006
C0012,2023-01-23,232.88029529407981,2.900144769469173
C0012,2023-01-24,230.88773732017896,1.5489762484280796
C0012,2023-01-25,229.39770054151333,1.7428931311738682
C0012,2023-01-26,231.00418828476515,2.71011835583695
C0012,2023-01-27,226.72136622929767,4.639693786595441
C0012,2023-01-28,227.65445646676238,3.449443312789872
C0012,2023-01-29,228.35553216688965,3.6086260526700475
C0012,2023-01-30,229.54528626513587,3.5137496922840183
C0013,2023-01-01,233.48737592480467,3.1269974453270937
C0013,2023-01-02,230.66229517058525,2.2497889113585696
C0013,2023-01-03,233.6747173897262,2.2370866476259383
C0013,2023-01-04,232.26279720339627,1.9223559397098555
C0013,2023-01-05,230.30721486473826,3.346639532226174
C0013,2023-01-06,233.05338959527128,1.257203122589221
C0013,2023-01-07,230.65614708958725,1.7619331687269941
C0013,2023-01-08,229.2854673084043,2.4990566012812443
C0013,2023-01-09,230.94035898140478,0.15924757904977438
C0013,2023-01-10,231.97208606618705,1.4095946785533076
C0013,2023-01-11,227.06129903811367,2.9027560775402432
C0013,2023-01-12,225.51496916515748,1.7666344899679203
C0013,2023-01-13,225.51578379360203,3.15021238096658
C0013,2023-01-14,229.09969125365436,4.847926518068498
C0013,2023-01-15,230.56171524445946,0.4784657692496225
C0013,2023-01-16,228.17630173915893,0.44495502224735695
C0013,2023-01-17,230.36827056003324,2.3037739473806247
C0013,2023-01-18,228.46793976180118,3.1965633214693874
C0013,2023-01-19,230.62134515970197,1.4376236757997352
C0013,2023-01-20,231.6255046060642,4.382576435577491
C0013,2023-01-21,227.97827802207894,4.870116278139173
C0013,2023-01-22,229.29855817349963,2.298827008962882
C0013,2023-01-23,231.87888322465338,4.547433870664734
C0013,2023-01-24,232.1979564488619,2.0562274084045873
C0013,2023-01-25,230.37554859235308,2.5238237210070116
C0013,2023-01-26,228.58039084545726,4.4385784171565685
C0013,2023-01-27,229.37192896585947,4.068135886600305
C0013,2023-01-28,229.63779191019196,2.9285507289221755
C0013,2023-01-29,230.7122305372666,3.03827073213189
C0013,2023-01-30,228.2719607263962,1.2342958000980742
C0014,2023-01-01,231.50324005703402,1.6859131925695099
C0014,2023-01-02,230.53300408634718,4.846150562160659
C0014,2023-01-03,233.15062379060336,2.3051200169039143
C0014,2023-01-04,228.81538368205858,1.1421175676019124
C0014,2023-01-05,232.33219492139617,1.7136538498629577
C0014,2023-01-06,232.79882574556493,1.5463302754889485
C0014,2023-01-07,228.90722373247766,1.7745695137225215
C0014,2023-01-08,232.3462305518209,1.7318951251335775
C0014,2023-01-09,231.4404058574349,2.646435508205977
C0014,2023-01-10,227.12997968711102,2.480537306996924
C0014,2023-01-11,226.62299892311714,1.7602173753233123
C0014,2023-01-12,229.33782338966216,4.485033423815148
C0014,2023-01-13,230.82057288877903,2.4111243278678725
C0014,2023-01-14,232.37247188478645,3.873834964098954
C0014,2023-01-15,227.51597998379924,0.8235676726808061
C0014,2023-01-16,231.95615744133832,1.3125875404526228
C0014,2023-01-17,227.37782752869174,4.757095173125102
C0014,2023-01-18,228.94973191836038,4.274117563384027
C0014,2023-01-19,228.83941744061823,3.2677738288326452
C0014,2023-01-20,231.93751888516985,2.1450696006817305
C0014,2023-01-21,228.8370329371543,4.4116885141346
C0014,2023-01-22,231.9898225643639,4.5451979760241015
C0014,2023-01-23,229.42445105244417,0.06782779111498494
C0014,2023-01-24,229.15954820543263,4.719515743108377
C0014,2023-01-25,228.3874438856613,2.7692715731789717
C0014,2023-01-26,227.85145890016665,3.1891868920927764
C0014,2023-01-27,232.288083438733,1.426777520012445
C0014,2023-01-28,231.59912491512765,4.022842369227365
C0014,2023-01-29,226.21003152103137,0.1683741773663533
C0014,2023-01-30,229.54743943645843,4.52573531195028
C0015,2023-01-01,231.15930216364893,2.0235766071499537
C0015,2023-01-02,226.62248773462815,4.154503031393124
C0015,2023-01-03,227.803993211108,2.220949545292654
C0015,2023-01-04,231.15815357706816,1.2812230468281576
C0015,2023-01-05,230.17785899498122,3.3846574525123985
C0015,2023-01-06,229.777981768815,2.3522918642022383
C0015,2023-01-07,228.80824686548917,2.6007022362637624
C0015,2023-01-08,230.1733587309432,1.9323253098245812
C0015,2023-01-09,230.1956559973947,0.3628876287553212
C0015,2023-01-10,228.830804274918,3.593093479977052
C0015,2023-01-11,229.11433342182926,1.3772586434906557
C0015,2023-01-12,232.20914933115688,1.2616383371633832
C0015,2023-01-13,232.55403420429323,0.5597146870590691
C0015,2023-01-14,226.01981449664942,3.700427994628087
C0015,2023-01-15,231.04135310134086,0.969850812578576
C0015,2023-01-16,229.66339990869628,4.237263496450061
C0015,2023-01-17,229.58800498783646,4.429323672635491
C0015,2023-01-18,234.6685376618686,4.234990075357214
C0015,2023-01-19,229.8917041719302,0.19262057461632398
C0015,2023-01-20,229.6340827235883,1.0654302744469901
C0015,2023-01-21,230.39918558494287,2.598130553562066
C0015,2023-01-22,230.94527460155498,0.25683967497547755
C0015,2023-01-23,228.82532472803751,4.552994727389599
C0015,2023-01-24,229.06871348951037,3.6124719076674934
C0015,2023-01-25,232.02340420085005,0.19268693990057706
C0015,2023-01-26,230.40131719629545,3.6643802710613347
C0015,2023-01-27,230.64489339092472,1.3596786322446341
C0015,2023-01-28,229.89235203394904,4.6595685289114686
C0015,2023-01-29,228.0301371680882,4.407913912422754
C0015,2023-01-30,232.0532819811488,2.8457931007486663
C0016,2023-01-01,234.01882488203347,0.8931427801491559
C0016,2023-01-02,229.37153842373863,4.543893367424224
C0016,2023-01-03,231.58851011128579,1.9582761502285035
C0016,2023-01-04,230.17138125706427,4.79662554500487
C0016,2023-01-05,231.48496669361748,4.710422704077982
C0016,2023-01-06,230.65297957885485,1.8172214598893492
C0016,2023-01-07,231.05865569949023,0.15070427046682933
C0016,2023-01-08,229.79367712784867,2.319241508956046
C0016,2023-01-09,231.98271655492007,2.6093644916652465
C0016,2023-01-10,227.72834376532848,3.5498653540888405
C0016,2023-01-11,232.94666595222478,3.251941507467715
C0016,2023-01-12,231.12466622064235,2.0991685063422323
C0016,2023-01-13,231.11006813964187,4.356701359072543
C0016,2023-01-14,227.089961096935,2.462704286925434
C0016,2023-01-15,228.32794138476095,4.549073495209715
C0016,2023-01-16,228.3598849877995,3.449007391860166
C0016,2023-01-17,229.496234048519,1.3612224185633153
C0016,2023-01-18,231.10226980973223,0.9741018840240739
C0016,2023-01-19,228.40592071611192,2.7552726462425206
C0016,2023-01-20,232.187671649733,3.039524425727207
C0016,2023-01-21,230.67076579426075,2.7860001647517634
C0016,2023-01-22,227.21054421380825,4.978365923911116
C0016,2023-01-23,230.35264873048803,1.1977750013742376
C0016,2023-01-24,231.08543413581427,3.9066205451754517
C0016,2023-01-25,230.77340323884138,3.7319568453707403
C0016,2023-01-26,228.2627744357248,2.2883292198096767
C0016,2023-01-27,230.30187845709514,1.2676887462721442
C0016,2023-01-28,229.46553147006765,2.349105466224165
C0016,2023-01-29,228.4758270368886,1.8385363245190078
C0016,2023-01-30,231.2039194661026,2.140617597049848
C0017,2023-01-01,232.02286575082596,3.1657444569958395
C0017,2023-01-02,233.27298407806705,4.238192589547495
C0017,2023-01-03,231.00631034472553,2.0980045044549946
C0017,2023-01-04,232.48505259570652,2.11461053327041
C0017,2023-01-05,232.79071403198787,3.0668587303796286
C0017,2023-01-06,230.99237180062,0.48891723500530004
C0017,2023-01-07,227.04304628153534,1.5203691473920893
C0017,2023-01-08,228.75231741000306,4.129078315671964
C0017,2023-01-09,231.52361932569931,1.5594393879083346
C0017,2023-01-10,230.67733679987882,3.639053560598684
C0017,2023-01-11,228.9113379009561,4.44337254645918
C0017,2023-01-12,232.0104070765141,3.5257889868830987
C0017,2023-01-13,229.54056019971352,4.006244460377974
C0017,2023-01-14,230.6642521897909,2.1080804095481644
C0017,2023-01-15,231.17403574919217,1.1007428461245805
C0017,2023-01-16,233.46458140169975,0.29341268371251783
C0017,2023-01-17,230.52790688641065,4.472300562730793
C0017,2023-01-18,229.45895389402102,4.135697624173388
C0017,2023-01-19,229.36296515939617,3.168627752110351
C0017,2023-01-20,223.61080826510332,3.9847459510256407
C0017,2023-01-21,232.19655586049174,4.7480119269299506
C0017,2023-01-22,230.45638763821907,1.8997522174680026
C0017,2023-01-23,228.63179238749538,2.2794665822429834
C0017,2023-01-24,233.91397790226398,3.2932615441178097
C0017,2023-01-25,228.49656434742613,1.536452408354481
C0017,2023-01-26,229.8637278979496,4.337682536282705
C0017,2023-01-27,230.79791638359967,1.1380797571376915
C0017,2023-01-28,227.28441511278305,4.016875489424261
C0017,2023-01-29,229.41825280284996,1.2862268004657584
C0017,2023-01-30,230.90195187062034,2.5011348652688365
C0018,2023-01-01,228.93491637883727,3.992796593408592
C0018,2023-01-02,230.02845203205842,4.535584898585766
C0018,2023-01-03,231.03924400096253,0.08300742604837041
C0018,2023-01-04,227.5121703295795,4.268759094051034
C0018,2023-01-05,229.21613388397964,3.5854345022256546
C0018,2023-01-06,228.57407883620755,2.34660143431926
C0018,2023-01-07,232.01936369459884,2.6200984357556223
C0018,2023-01-08,231.31785779910237,1.5387769290418722
C0018,2023-01-09,231.2890758964875,3.676479013131927
C0018,2023-01-10,234.7413190484998,4.181335418311334
C0018,2023-01-11,230.95404722286577,4.940152942373688
C0018,2023-01-12,230.0794891711374,3.0539792961641696
C0018,2023-01-13,232.9325788104058,2.2805600129507257
C0018,2023-01-14,227.00557638910547,3.6156791500735115
C0018,2023-01-15,231.9721695399694,3.726493454857967
C0018,2023-01-16,229.09036250459883,1.7589646373288144
C0018,2023-01-17,233.87679218482475,4.092775488244525
C0018,2023-01-18,231.72085531564676,3.503156519706332
C0018,2023-01-19,234.49704108778252,2.3909291350528643
C0018,2023-01-20,228.82191949221408,0.9287339500180852
C0018,2023-01-21,229.5117921473049,3.2320494482194055
C0018,2023-01-22,227.60724812066428,3.5786856786118486
C0018,2023-01-23,229.54580338240098,3.8084635436370844
C0018,2023-01-24,232.31463726812862,3.938575479116065
C0018,2023-01-25,231.14207017740068,2.335273588519655
C0018,2023-01-26,228.57779667991545,2.7802357930107457
C0018,2023-01-27,230.50916716935023,0.8247913684625563
C0018,2023-01-28,234.77707978000728,0.8749270671688419
C0018,2023-01-29,228.66714123005687,3.755108174494813
C0018,2023-01-30,227.0977837127567,4.877909319968491
C0019,2023-01-01,228.16532812967276,4.93521093062617
C0019,2023-01-02,226.78925495191132,4.683036969103523
C0019,2023-01-03,231.2349375081884,2.439628461562055
C0019,2023-01-04,229.09792789482668,4.358925821734053
C0019,2023-01-05,227.95282954320177,1.5618393872584035
C0019,2023-01-06,232.7349239685505,4.879238829203527
C0019,2023-01-07,228.95608652488917,4.080781799863308
C0019,2023-01-08,230.72046667807055,3.8274266651120348
C0019,2023-01-09,232.77818620474193,0.22478176221469803
C0019,2023-01-10,229.71774171517234,4.016021515385912
C0019,2023-01-11,231.34137995569037,2.7504603950928135
C0019,2023-01-12,230.679297289904,4.528653150099848
C0019,2023-01-13,230.40673615589537,1.2651213083291568
C0019,2023-01-14,229.45662831601638,3.4289923698553695
C0019,2023-01-15,230.3433053635513,1.917560910253198
C0019,2023-01-16,227.181064548412,2.275420121952946
C0019,2023-01-17,229.01048823994745,2.0944466382650533
C0019,2023-01-18,232.18961233970634,4.943686050164312
C0019,2023-01-19,234.87586808543796,4.874667475746021
C0019,2023-01-20,232.83307487834378,1.5674522555723285
C0019,2023-01-21,232.88491760898714,2.4720407594668825
C0019,2023-01-22,231.35123162421695,4.718477942619491
C0019,2023-01-23,230.73391834869307,1.1340626852957436
C0019,2023-01-24,228.36013072406192,3.5434340163403766
C0019,2023-01-25,233.5645405134461,2.7012117718028277
C0019,2023-01-26,232.34257148277842,4.553864146461677
C0019,2023-01-27,233.28355874334827,0.030491197974603645
C0019,2023-01-28,231.92389779967297,2.6716944251869834
C0019,2023-01-29,229.88729915729513,1.600488521939074
C0019,2023-01-30,231.8056962820301,4.188633983403612
C0020,2023-01-01,226.36685514501576,3.981141732919939
C0020,2023-01-02,229.5974341580029,2.049852290990261
C0020,2023-01-03,228.3688765898136,1.3454523473367186
C0020,2023-01-04,228.15731794200036,2.0434255123059764
C0020,2023-01-05,231.6210181977866,3.94078870274164
C0020,2023-01-06,225.75104407113028,0.1257056134863993
C0020,2023-01-07,236.10838496824314,0.6074557458338115
C0020,2023-01-08,229.2993856593625,4.171263962047046
C0020,2023-01-09,232.61587120960766,1.464638531795579
C0020,2023-01-10,229.38608554481425,3.0447139895385105
C0020,2023-01-11,231.63271767841104,2.2402088491953807
C0020,2023-01-12,230.16454484672525,2.0039260989485945
C0020,2023-01-13,227.14012890165964,1.5450938139825987
C0020,2023-01-14,228.71060004801672,1.405479866645708
C0020,2023-01-15,233.70093897693255,2.2017010917907944
C0020,2023-01-16,230.30244287712136,1.9176821946220746
C0020,2023-01-17,229.69477402347707,0.25148150133823655
C0020,2023-01-18,231.16587622365338,0.20632270316940093
C0020,2023-01-19,228.55512681417278,3.596727311519201
C0020,2023-01-20,230.98396163700954,3.846678004811311
C0020,2023-01-21,230.7258587270231,0.313215918972618
C0020,2023-01-22,231.31349398216412,4.534588156951042
C0020,2023-01-23,230.96459206538663,4.901078282430366
C0020,2023-01-24,234.58520958451976,4.763709930187489
C0020,2023-01-25,229.28240307534145,1.159491676406269
C0020,2023-01-26,230.31281379510511,2.435283845339307
C0020,2023-01-27,231.1724582585936,4.198985159632675
C0020,2023-01-28,225.960196049431,3.6094189420677742
C0020,2023-01-29,230.32768687088816,0.8905822427184779
C0020,2023-01-30,228.32447918342356,0.5194787064740664
C0021,2023-01-01,232.91027168163825,3.3982463415076873
C0021,2023-01-02,230.76244240086606,1.733445495445895
C0021,2023-01-03,230.3370856321893,1.6141999891563104
C0021,2023-01-04,228.82275376411437,0.2630794554920596
C0021,2023-01-05,231.88045300194366,0.8438549446109833
C0021,2023-01-06,231.34389250412525,0.03896529121099446
C0021,2023-01-07,230.34532163685986,0.5839991423770491
C0021,2023-01-08,231.10476886798057,0.38277276677361305
C0021,2023-01-09,227.96849156141525,1.5723094727473974
C0021,2023-01-10,228.61065536525197,2.2153156999383947
C0021,2023-01-11,232.83496058462143,3.2337012797443676
C0021,2023-01-12,229.86420203962194,4.533451035813962
C0021,2023-01-13,228.09383162811164,1.2286978496279388
C0021,2023-01-14,231.77203003526535,0.12644821031055076
C0021,2023-01-15,233.04617503247783,3.2245083238186463
C0021,2023-01-16,232.3420325514163,4.06916802696912
C0021,2023-01-17,228.25531901298126,1.3640442701922306
C0021,2023-01-18,230.50826628992468,4.003746982691105
C0021,2023-01-19,230.27287283146583,2.2668941773355886
C0021,2023-01-20,232.8565053187574,2.1483192679573477
C0021,2023-01-21,228.80103766542632,4.339971772491972
C0021,2023-01-22,231.92043007160112,3.468321418445712
C0021,2023-01-23,230.47825144560815,0.0008960200334162671
C0021,2023-01-24,229.01595768085076,2.960610722132515
C0021,2023-01-25,231.44802712032515,1.9141396792545278
C0021,2023-01-26,230.39882721249612,1.059596564436955
C0021,2023-01-27,229.79434856634867,1.1267711941838887
C0021,2023-01-28,231.8236677167673,2.8912276722888626
C0021,2023-01-29,229.73588919106135,4.025432104095455
C0021,2023-01-30,231.02245799618765,3.7144858695241516
C0022,2023-01-01,227.98335652452948,3.832666870221077
C0022,2023-01-02,229.26871875160813,1.891347813950508
C0022,2023-01-03,230.75471593125988,4.65549392351305
C0022,2023-01-04,228.85490570315264,4.311944211610432
C0022,2023-01-05,227.83141957572644,1.397720496077917
C0022,2023-01-06,229.17662511331366,3.451698355835754
C0022,2023-01-07,233.923818400661,4.604399860083432
C0022,2023-01-08,228.93791673073002,1.4418203797170226
C0022,2023-01-09,228.99618013734678,4.154093351773341
C0022,2023-01-10,230.08829377973058,2.317946799618496
C0022,2023-01-11,231.70814063949635,2.331622145159481
C0022,2023-01-12,227.1117810746015,0.5624348680561325
C0022,2023-01-13,232.66279144675394,1.09260390760199
C0022,2023-01-14,232.96390303015406,0.9313482035084292
C0022,2023-01-15,231.5881554414139,2.646639001486645
C0022,2023-01-16,229.1452503685873,3.2413772812393438
C0022,2023-01-17,230.82475096639556,2.044001615112265
C0022,2023-01-18,230.07765610651106,3.9463464093066847
C0022,2023-01-19,234.27982617324884,0.8648530462535109
C0022,2023-01-20,231.3408059343066,3.580035299655124
C0022,2023-01-21,226.95007009519657,2.5410319858929324
C0022,2023-01-22,232.96318845092955,2.6965847187457443
C0022,2023-01-23,229.86074432916553,2.1486470057188347
C0022,2023-01-24,232.02579107396377,0.15707848009448022
C0022,2023-01-25,227.90778355110658,4.007486274686191
C0022,2023-01-26,226.46893599536523,4.525188281344381
C0022,2023-01-27,230.75803695441138,0.3071527009725017
C0022,2023-01-28,228.52175179169024,1.5176061078285974
C0022,2023-01-29,227.66227282731384,2.6747330504744475
C0022,2023-01-30,230.96381351464137,2.321125435714628
C0023,2023-01-01,231.59125051743794,2.2504651069514674
C0023,2023-01-02,230.45158444861096,4.999665668418476
C0023,2023-01-03,227.7805487446916,0.9689029670163246
C0023,2023-01-04,226.5682008380523,0.23360146917970281
C0023,2023-01-05,227.9687685020293,4.444011445691755
C0023,2023-01-06,230.66159446297812,1.2091364910685183
C0023,2023-01-07,226.3937758570898,3.6858611320815355
C0023,2023-01-08,228.09937552041993,2.9426153985739316
C0023,2023-01-09,228.06759274102944,2.7431604681938286
C0023,2023-01-10,230.91746056240888,4.194162166598588
C0023,2023-01-11,227.10095256973312,4.118977573698718
C0023,2023-01-12,233.07715823670097,4.054074310997379
C0023,2023-01-13,230.23057254208672,4.301244091815748
C0023,2023-01-14,227.1664864852171,0.19317487792384513
C0023,2023-01-15,231.09784256768938,4.827734733385692
C0023,2023-01-16,234.56601531753424,4.108893396280521
C0023,2023-01-17,226.49663418296907,3.3480834155806862
C0023,2023-01-18,227.472074621698,4.079901446382765
C0023,2023-01-19,231.3325866831579,1.8872937693675755
C0023,2023-01-20,231.66060780622448,2.5330860766099277
C0023,2023-01-21,229.18740554994616,4.367767083210781
C0023,2023-01-22,230.78737788299497,3.3046345117381652
C0023,2023-01-23,230.40613780770164,1.2264834005265735
C0023,2023-01-24,230.33972166772202,4.307971797993319
C0023,2023-01-25,228.67541112580344,0.07858517192074588
C0023,2023-01-26,231.8066450271073,4.678169585386059
C0023,2023-01-27,231.73597537209534,1.87936427607631
C0023,2023-01-28,229.1328983041204,1.2540046609631332
C0023,2023-01-29,230.05389903676084,4.453623156060585
C0023,2023-01-30,229.2494456679786,3.478865945956224
C0024,2023-01-01,230.57107446884618,1.633714185304866
C0024,2023-01-02,229.3747245444284,1.1380025029643788
C0024,2023-01-03,231.13618775898718,0.49923016288705435
C0024,2023-01-04,231.33555329334368,1.5306068339438739
C0024,2023-01-05,232.14161808356565,4.3762872945080264
C0024,2023-01-06,227.85856425711614,4.5485023445692025
C0024,2023-01-07,231.1580273603228,2.8293590295133804
C0024,2023-01-08,228.31231656277393,2.9176730384812655
C0024,2023-01-09,231.91552473832868,2.3657605853460826
C0024,2023-01-10,229.4592017710668,4.477233420126679
C0024,2023-01-11,228.6961329944009,3.632619460287605
C0024,2023-01-12,229.78576477176588,0.5715680280621077
C0024,2023-01-13,231.30950950478282,2.044881295935061
C0024,2023-01-14,229.09196665700705,2.592655088888818
C0024,2023-01-15,228.86712844097627,0.9619923655019558
C0024,2023-01-16,229.95287582506526,3.8231060130779877
C0024,2023-01-17,230.4820933122222,2.1920773454543956
C0024,2023-01-18,231.40380298739518,1.600017853647893
C0024,2023-01-19,229.8949695577151,3.9544527469956914
C0024,2023-01-20,227.2799550069708,0.09430170727715403
C0024,2023-01-21,228.7844245854846,2.792532165138481
C0024,2023-01-22,229.20527223804385,0.5585381257426453
C0024,2023-01-23,231.82947621115434,1.0324948185081388
C0024,2023-01-24,231.72048353627213,0.3261921894939446
C0024,2023-01-25,232.3838830126147,4.735084078895474
C0024,2023-01-26,229.09415745079164,0.2508384404608899
C0024,2023-01-27,232.86905105332733,1.9596701924168243
C0024,2023-01-28,230.91782498401884,1.5280714760608272
C0024,2023-01-29,231.69051458439523,2.2140293638987525
C0024,2023-01-30,228.64106825083425,1.74093232660484
C0025,2023-01-01,228.0296993856145,3.7118670482786484
C0025,2023-01-02,230.97664411316512,3.4541764978875635
C0025,2023-01-03,228.69865811313358,0.1532254975359132
C0025,2023-01-04,232.81375406584618,3.92070331256599
C0025,2023-01-05,230.47335796397863,1.0556077073572734
C0025,2023-01-06,227.58157735360874,4.926809984631622
C0025,2023-01-07,229.2278687216465,0.22323427274175023
C0025,2023-01-08,233.54189028734015,0.9562613666863273
C0025,2023-01-09,228.66020036972967,2.3820408086610794
C0025,2023-01-10,227.25846849413395,4.096926771774733
C0025,2023-01-11,231.04452109385218,0.5112858848105389
C0025,2023-01-12,231.70124110529565,2.1454345515858666
C0025,2023-01-13,231.52476422816005,3.6162226773385493
C0025,2023-01-14,231.39594724176033,4.212083632469662
C0025,2023-01-15,229.88598733184907,2.2441864592066474
C0025,2023-01-16,229.29567607942295,1.0287484441983925
C0025,2023-01-17,227.95611972381684,3.197465348333752
C0025,2023-01-18,230.56319123881215,0.06643880985585215
C0025,2023-01-19,233.18991938221137,4.2597037416820545
C0025,2023-01-20,231.00428767734937,2.1349737639947097
C0025,2023-01-21,228.39746283210297,4.371858610788871
C0025,2023-01-22,229.9499268695205,2.4994767594158027
C0025,2023-01-23,229.11027962494077,2.468183824486787
C0025,2023-01-24,229.44920133577094,0.031256488491624435
C0025,2023-01-25,232.23162220960035,3.8008046325548177
C0025,2023-01-26,229.49290029129074,2.930072843937932
C0025,2023-01-27,230.11655003717846,4.457438596653379
C0025,2023-01-28,230.00841835030087,0.41420026018604894
C0025,2023-01-29,228.09085620957646,0.4898345114801894
C0025,2023-01-30,227.54462995647185,1.1448487883275038
C0026,2023-01-01,231.05352003481826,3.4460767186966397
C0026,2023-01-02,233.1765437348928,1.9381342436009414
C0026,2023-01-03,228.23170799715797,1.8806293019974691
C0026,2023-01-04,231.63415567654667,0.2125242841528724
C0026,2023-01-05,227.43662142819136,4.650316630872119
C0026,2023-01-06,231.350435886704,2.568206843578809
C0026,2023-01-07,229.64177483629058,1.3576574274602997
C0026,2023-01-08,230.52874444260368,1.7338608163650098
C0026,2023-01-09,230.76926337910132,3.1345759655704604
C0026,2023-01-10,232.18763514014913,1.5873238487251606
C0026,2023-01-11,230.85272109731952,2.6938286845623463
C0026,2023-01-12,228.36606574510463,1.6163228396891938
C0026,2023-01-13,230.96969359182373,0.7872825184060456
C0026,2023-01-14,233.06594828375458,4.607268195516527
C0026,2023-01-15,225.58494844975425,3.16928295002455
C0026,2023-01-16,229.86516753833814,3.149099319313123
C0026,2023-01-17,231.25996186601088,1.3951351956440035
C0026,2023-01-18,227.67896319754703,1.6259685351409008
C0026,2023-01-19,227.58362354393742,3.2000566679842377
C0026,2023-01-20,229.79980634732888,2.858469113324129
C0026,2023-01-21,230.8315731787741,2.552650802946495
C0026,2023-01-22,231.03500400313612,2.6813034776036524
C0026,2023-01-23,230.66975787019246,0.4687496501158317
C0026,2023-01-24,231.49431300837804,2.5569905213460316
C0026,2023-01-25,231.16202947040819,4.769876326216197
C0026,2023-01-26,229.33254942008801,4.656185536841852
C0026,2023-01-27,232.85800837831317,3.818612860704939
C0026,2023-01-28,231.97012427220844,2.4548741268299876
C0026,2023-01-29,231.38699781062243,0.8470338983208742
C0026,2023-01-30,226.46486747288307,0.7126353998460966
C0027,2023-01-01,231.64216208403258,4.952617318255986
C0027,2023-01-02,231.98280030472662,2.2774315697908665
C0027,2023-01-03,227.43351387604625,0.2568602827589167
C0027,2023-01-04,231.02406172733686,0.5441476344515828
C0027,2023-01-05,230.15069000860555,4.962472024538663
C0027,2023-01-06,228.43015826336742,3.219731257584939
C0027,2023-01-07,229.6032361240667,4.014706763524546
C0027,2023-01-08,228.54039927529794,3.973867979357171
C0027,2023-01-09,232.54355424532065,2.796753083826961
C0027,2023-01-10,229.87110322137235,1.0849212648161288
C0027,2023-01-11,231.75389789998147,2.441595592350256
C0027,2023-01-12,227.96224218547894,4.750934605779072
C0027,2023-01-13,227.78802361384373,1.517733712456194
C0027,2023-01-14,231.83754294160894,3.8946802185962
C0027,2023-01-15,230.68599903617164,3.915919934635445
C0027,2023-01-16,229.39807401819712,0.6461006492944804
C0027,2023-01-17,232.40371043878136,2.4668074090922576
C0027,2023-01-18,228.05932435933258,2.3082586956972753
C0027,2023-01-19,230.74549493066957,2.8540685241354953
C0027,2023-01-20,229.48502848492404,0.19402930407387553
C0027,2023-01-21,228.30573258938304,3.7300779216076316
C0027,2023-01-22,230.55055929955608,3.3599003064327544
C0027,2023-01-23,230.92764298094895,4.99832870391352
C0027,2023-01-24,230.03370955841856,3.5478414868814694
C0027,2023-01-25,230.9485315570416,0.48049426589315103
C0027,2023-01-26,231.65983511068956,0.21527387358809214
C0027,2023-01-27,230.4812099282825,2.5889685547635715
C0027,2023-01-28,235.28660890777405,3.940838411037632
C0027,2023-01-29,233.02001700370207,3.0011319993770758
C0027,2023-01-30,230.74486740454338,4.772432944367303
C0028,2023-01-01,228.16936653843052,0.14211337379278655
C0028,2023-01-02,224.81271616938048,4.251306690910099
C0028,2023-01-03,228.3849897609656,4.106303223902175
C0028,2023-01-04,229.43452668203238,4.318960358603288
C0028,2023-01-05,229.40387616421674,3.0969069798601137
C0028,2023-01-06,229.11885583217878,2.952846325456852
C0028,2023-01-07,232.57016269825485,4.625000183225079
C0028,2023-01-08,230.2912375865088,0.6996041007294246
C0028,2023-01-09,226.72454110094117,1.273695706248874
C0028,2023-01-10,228.86364056473738,0.23405648692079895
C0028,2023-01-11,230.36401150508163,1.2397450704474677
C0028,2023-01-12,229.79317018502954,2.0193922530520885
C0028,2023-01-13,232.49302683693463,3.8230191397188995
C0028,2023-01-14,227.48222542545747,2.4912107374873695
C0028,2023-01-15,231.77578122097782,4.9850229480546995
C0028,2023-01-16,228.68368423617991,3.17449939854024
C0028,2023-01-17,232.5569019980166,4.970376337748719
C0028,2023-01-18,226.82474750912738,3.4632219755836595
C0028,2023-01-19,229.6165887967696,1.5326128959295682
C0028,2023-01-20,230.72436014556177,3.0704559282099577
C0028,2023-01-21,228.8385355589258,2.7165764720043746
C0028,2023-01-22,230.52887235478758,2.771250114861093
C0028,2023-01-23,232.84573371524493,4.353449557034801
C0028,2023-01-24,232.28935924152228,3.612164155343338
C0028,2023-01-25,226.95534497265007,3.4977003949783687
C0028,2023-01-26,232.6233129635287,2.2017763847486025
C0028,2023-01-27,233.20153888028793,2.3429000572743686
C0028,2023-01-28,227.7855327792743,4.829282425551228
C0028,2023-01-29,229.8906757448715,4.5793908529848935
C0028,2023-01-30,233.41589880210873,2.03953824401296
C0029,2023-01-01,226.32443996936323,1.022703095390075
C0029,2023-01-02,230.57599632501334,4.792292599206513
C0029,2023-01-03,229.08052572380873,2.912595648682579
C0029,2023-01-04,231.8230596269567,3.5942043001096877
C0029,2023-01-05,231.23391217481137,4.757845827372307
C0029,2023-01-06,231.90275943057662,1.7808673362787075
C0029,2023-01-07,225.16327128672873,2.195098322286091
C0029,2023-01-08,229.0247289046411,0.5891940537573753
C0029,2023-01-09,229.02203452881446,3.618876314678075
C0029,2023-01-10,233.88020263269755,2.1538335403718865
C0029,2023-01-11,229.65527086924033,1.4230456732787466
C0029,2023-01-12,230.6751935647938,0.5902260275436239
C0029,2023-01-13,231.02699763930525,1.0040330115684237
C0029,2023-01-14,230.82389759052282,4.496551217339062
C0029,2023-01-15,226.89674948589135,4.197750976042915
C0029,2023-01-16,229.48981846565246,4.286836286173011
C0029,2023-01-17,229.62266264053108,2.7344146969047065
C0029,2023-01-18,231.74482874645287,0.9242699764232198
C0029,2023-01-19,227.3986614201723,4.27775198769252
C0029,2023-01-20,230.54736524438755,4.90929907158347
C0029,2023-01-21,234.0103164696273,1.4670628051013064
C0029,2023-01-22,229.07906341979123,0.0019763308987219563
C0029,2023-01-23,230.30768885985057,0.6134839189920838
C0029,2023-01-24,228.21087323758888,3.666479872195632
C0029,2023-01-25,233.03841256638833,0.06306030088542747
C0029,2023-01-26,226.8667882120193,1.5571904014255
C0029,2023-01-27,227.22556478118108,0.39482133328271884
C0029,2023-01-28,226.83664108337902,2.922340045974605
C0029,2023-01-29,228.67407462101616,3.9527430915619464
C0029,2023-01-30,229.20370409706862,1.552614088753852
C0030,2023-01-01,234.50345459994273,2.6346090508538196
C0030,2023-01-02,231.1213405000964,2.3878047244319074
C0030,2023-01-03,230.56111699776727,3.5394954021909464
C0030,2023-01-04,230.19026108059893,0.2868632727005638
C0030,2023-01-05,228.39775324609187,2.720240173850321
C0030,2023-01-06,231.85715542580525,0.11337214622280933
C0030,2023-01-07,228.66340103834182,2.433414708551539
C0030,2023-01-08,229.6520781371874,4.035159804525202
C0030,2023-01-09,230.79918387770942,3.4844966232053594
C0030,2023-01-10,228.18252911398505,4.624914183559906
C0030,2023-01-11,226.79433791313494,0.547519816862328
C0030,2023-01-12,229.38905656734704,4.970588664750865
C0030,2023-01-13,228.4818911330541,4.0219526123375395
C0030,2023-01-14,230.51644088369954,2.5828485820691975
C0030,2023-01-15,233.14391583741707,3.699059948324184
C0030,2023-01-16,231.15655600477297,0.9536812540191897
C0030,2023-01-17,231.78056536010516,2.966762857431065
C0030,2023-01-18,228.752055666313,2.0550916623813964
C0030,2023-01-19,225.85984950600852,2.769830591375937
C0030,2023-01-20,232.49509066537192,0.880454383187505
C0030,2023-01-21,232.75749831946337,4.003563934211564
C0030,2023-01-22,228.39275125834476,2.6898422981608268
C0030,2023-01-23,227.03567901171755,2.793542064870023
C0030,2023-01-24,227.89720616613673,4.816505194290516
C0030,2023-01-25,230.5043905993188,4.039756312268883
C0030,2023-01-26,231.8182672971095,0.3788562372603982
C0030,2023-01-27,233.49434253881708,4.471511005019926
C0030,2023-01-28,231.99741617362508,1.7676057309522215
C0030,2023-01-29,227.46618959684153,4.286237516909968
C0030,2023-01-30,225.88403913887456,2.9162901474450353
C0031,2023-01-01,229.21883671926835,0.785306962830512
C0031,2023-01-02,231.26363229057765,2.3718248348317195
C0031,2023-01-03,232.01879288596473,1.989157032841658
C0031,2023-01-04,230.32358585867829,0.012569081032232643
C0031,2023-01-05,232.2961404986973,4.797892584048076
C0031,2023-01-06,229.7154712886147,1.3556893762322502
C0031,2023-01-07,229.04831305858497,4.843362194288664
C0031,2023-01-08,229.3704499794027,4.325892169260904
C0031,2023-01-09,229.30157197220868,0.640897949211211
C0031,2023-01-10,229.99131048364697,2.2537708132924323
C0031,2023-01-11,227.49345975910032,2.1428901660669957
C0031,2023-01-12,229.57568422190718,4.312610120376286
C0031,2023-01-13,230.7038055271951,0.8010994496496915
C0031,2023-01-14,232.90549684714736,1.0026009287711757
C0031,2023-01-15,227.75468122153632,0.11473475255834642
C0031,2023-01-16,230.51400264175206,1.4168181202636598
C0031,2023-01-17,228.39659100025733,4.612481982859463
C0031,2023-01-18,230.05821746678436,2.046053853838502
C0031,2023-01-19,233.73151814697425,1.6162246621466831
C0031,2023-01-20,230.95591269117097,2.2271659599669325
C0031,2023-01-21,231.93436164501216,2.0623569521848166
C0031,2023-01-22,230.58116221659822,2.4648985403350205
C0031,2023-01-23,228.27471727361495,3.7384354351968057
C0031,2023-01-24,230.83839142374194,3.608196590946919
C0031,2023-01-25,231.53761698424626,2.8436361365124005
C0031,2023-01-26,233.30309413193507,1.3150278713107222
C0031,2023-01-27,232.5096992206106,1.4705558970220327
C0031,2023-01-28,231.47081388441518,4.174320743692033
C0031,2023-01-29,229.97470530855185,0.722839005031885
C0031,2023-01-30,230.16569567735885,3.7700117311118237
C0032,2023-01-01,232.97771127213437,3.4734074168321154
C0032,2023-01-02,229.27012414213291,2.111954794415717
C0032,2023-01-03,229.84714204080407,2.4906528240396604
C0032,2023-01-04,229.08783627758407,4.235701724365699
C0032,2023-01-05,234.80566848218373,4.633339900266952
C0032,2023-01-06,225.23005234529734,2.7896612768998486
C0032,2023-01-07,231.1817897644272,4.699570954807052
C0032,2023-01-08,225.75582713467807,0.41471398841207097
C0032,2023-01-09,228.90523829793037,2.8747940088422435
C0032,2023-01-10,228.75887274061293,3.8328297589787246
C0032,2023-01-11,228.49418709016757,2.2191698837577474
C0032,2023-01-12,230.1001988676823,1.4073226780029668
C0032,2023-01-13,230.75211670802446,3.8470750681732655
C0032,2023-01-14,230.55464588353004,3.315212606660303
C0032,2023-01-15,226.23866410698366,2.6316371305409536
C0032,2023-01-16,228.23305945671953,0.2628239573623675
C0032,2023-01-17,229.56258542100375,3.4803388919891582
C0032,2023-01-18,229.5070569138851,2.578669481590456
C0032,2023-01-19,234.03828987378412,4.256343674030488
C0032,2023-01-20,228.9535439243545,0.8233145992631796
C0032,2023-01-21,230.94353305059008,4.295060821190344
C0032,2023-01-22,229.70620804501073,3.7048160629931366
C0032,2023-01-23,230.78921077476204,1.4556669150495127
C0032,2023-01-24,231.76689716169372,1.4426852896705633
C0032,2023-01-25,232.94828864933731,4.4557441748472195
C0032,2023-01-26,232.18462834100424,3.130864013217016
C0032,2023-01-27,232.91697344997948,2.973054736892471
C0032,2023-01-28,226.21544548714078,3.6916808008041047
C0032,2023-01-29,228.39866703491305,2.318632963673987
C0032,2023-01-30,226.2888111187492,1.4184952927348793
C0033,2023-01-01,232.5668170182969,1.8188148457663327
C0033,2023-01-02,227.82058546987167,1.296099042075081
C0033,2023-01-03,230.4083273146818,3.786609144629411
C0033,2023-01-04,233.03993054143376,3.297199912780509
C0033,2023-01-05,227.8238332924522,3.0673318783459798
C0033,2023-01-06,232.44281940245338,1.8857322127517206
C0033,2023-01-07,230.70929053140452,3.2971046940906534
C0033,2023-01-08,230.24708962573706,0.2934415934983786
C0033,2023-01-09,228.39593590368574,2.812564345423044
C0033,2023-01-10,227.12047628658505,1.70079911845251
C0033,2023-01-11,228.86529445618174,3.5259208252471708
C0033,2023-01-12,231.82663841164396,1.765787781999753
C0033,2023-01-13,228.9176528338142,3.901938889028123
C0033,2023-01-14,229.02344635066797,1.4421085970326448
C0033,2023-01-15,229.22229608150158,0.6346037154010437
C0033,2023-01-16,229.741625379582,4.084063707941296
C0033,2023-01-17,230.46420012787812,3.886234706142599
C0033,2023-01-18,230.56239443398945,3.423695284228789
C0033,2023-01-19,231.08310064045017,2.417030775323335
C0033,2023-01-20,232.0460679225813,4.123985278152494
C0033,2023-01-21,230.91787677736042,2.6584787353750876
C0033,2023-01-22,229.93843784267963,1.494531372118157
C0033,2023-01-23,228.94318349211122,1.3211041768699912
C0033,2023-01-24,229.48618569155298,0.818428299582491
C0033,2023-01-25,230.40696421539468,0.8944087431534814
C0033,2023-01-26,229.97171777344184,1.3650359842793658
C0033,2023-01-27,227.32335537888463,1.8748451680948153
C0033,2023-01-28,229.39994571403528,3.9755004223083965
C0033,2023-01-29,231.49182912207468,4.176692553522242
C0033,2023-01-30,231.60913740131375,2.681323245293064
C0034,2023-01-01,229.68953292763325,2.9455557998024497
C0034,2023-01-02,231.70266798497028,0.020156742239454406
C0034,2023-01-03,229.16706646323078,1.1261256157173094
C0034,2023-01-04,231.4957810385925,1.7112957951647578
C0034,2023-01-05,224.47492779454703,3.14136745039915
C0034,2023-01-06,229.60520863058554,2.4542057621653344
C0034,2023-01-07,230.472337583752,4.684838821489451
C0034,2023-01-08,228.922795281811,3.218503464424664
C0034,2023-01-09,231.23679324045557,1.4875280537996216
C0034,2023-01-10,228.30411571200767,2.729484015852818
C0034,2023-01-11,231.91139063990562,0.7795581200063945
C0034,2023-01-12,231.5921630016261,1.193504003765835
C0034,2023-01-13,228.4672162621308,2.5408367381342485
C0034,2023-01-14,228.4314942409149,0.8188922206952454
C0034,2023-01-15,231.60234308400481,3.9062464756561024
C0034,2023-01-16,230.0946798705173,0.5384297339069355
C0034,2023-01-17,231.7450535812485,1.7277202279591541
C0034,2023-01-18,232.26983654088227,3.361106055453282
C0034,2023-01-19,232.53484102282502,1.2662313988365153
C0034,2023-01-20,228.84542025863885,4.616449523148619
C0034,2023-01-21,227.76184372714533,3.2252303269320266
C0034,2023-01-22,229.60213482777638,0.04928363721759421
C0034,2023-01-23,232.48186952984076,0.2885210418687806
C0034,2023-01-24,233.06959237439483,3.5018668524662133
C0034,2023-01-25,231.52764540233403,2.5937441517310855
C0034,2023-01-26,228.8743576703932,0.06821977538722768
C0034,2023-01-27,228.03083729351556,1.5407108506207763
C0034,2023-01-28,224.87695116187356,1.826267800523404
C0034,2023-01-29,232.16367241276728,2.4358512377317827
C0034,2023-01-30,226.46735667467132,3.6428376500227544
C0035,2023-01-01,228.97099550001738,0.3452615229873651
C0035,2023-01-02,232.1789366909824,2.0270116091375927
C0035,2023-01-03,232.45935786246204,4.857348091948883
C0035,2023-01-04,228.68378349028717,2.7815088897638542
C0035,2023-01-05,229.13257647415296,0.20032922081819948
C0035,2023-01-06,232.83518340343463,3.069884869392326
C0035,2023-01-07,233.38770424430092,2.8983793731369807
C0035,2023-01-08,227.53200282820595,4.681292353475166
C0035,2023-01-09,227.7370630051457,0.2671303083352644
C0035,2023-01-10,226.90215535314601,2.6205065077450582
C0035,2023-01-11,230.34539053343056,2.0519974454686656
C0035,2023-01-12,225.68519863189437,1.2852134566166078
C0035,2023-01-13,231.10139606591744,2.97981265013823
C0035,2023-01-14,228.67252849089945,3.2299490914318914
C0035,2023-01-15,226.54753343304267,4.134863848299252
C0035,2023-01-16,226.41626415998303,1.832428757736348
C0035,2023-01-17,230.11650244534897,2.2371454400895523
C0035,2023-01-18,230.16909793882155,4.3534549647556124
C0035,2023-01-19,229.23064604690532,2.632992263284586
C0035,2023-01-20,231.27386572035067,0.6914354658570759
C0035,2023-01-21,230.69252331018313,3.3485265747139037
C0035,2023-01-22,231.06560355520375,1.7610582405959603
C0035,2023-01-23,227.6013986953199,0.18952580089588944
C0035,2023-01-24,228.1563602795179,1.4118770396765645
C0035,2023-01-25,234.3504047580953,0.13094302074371678
C0035,2023-01-26,230.53514185113877,0.3679481644393351
C0035,2023-01-27,228.15020017658483,0.6379729469221029
C0035,2023-01-28,229.16519795053233,3.188524808589098
C0035,2023-01-29,228.33308577583503,4.992365727928832
C0035,2023-01-30,227.8266970873529,2.6661383220770993
C0036,2023-01-01,233.72425612421827,3.560499115057753
C0036,2023-01-02,229.7567282819659,4.662666248135332
C0036,2023-01-03,230.09781236507834,0.6862483896957472
C0036,2023-01-04,230.6507724721585,1.9187091361745696
C0036,2023-01-05,229.8711645968338,0.45790777851760667
C0036,2023-01-06,229.45862168079935,0.675013147897478
C0036,2023-01-07,233.72833380501652,0.5708132430002405
C0036,2023-01-08,228.25918907724713,2.7796971134194246
C0036,2023-01-09,227.77847411469372,2.228486596343596
C0036,2023-01-10,232.67725171982437,0.980270699791358
C0036,2023-01-11,230.25643585612954,4.55013845463632
C0036,2023-01-12,230.71873619468505,3.7371389584519825
C0036,2023-01-13,231.0284870732483,4.9846072670048205
C0036,2023-01-14,229.94534115822347,3.5331073573159815
C0036,2023-01-15,231.98060034293715,4.364732153847666
C0036,2023-01-16,228.6309537162983,0.9564013926876397
C0036,2023-01-17,236.15357756423847,1.5899147292674287
C0036,2023-01-18,233.21609421216957,4.21487941827835
C0036,2023-01-19,228.87594062524013,2.6188499069392535
C0036,2023-01-20,232.5070113254346,3.552624585032007
C0036,2023-01-21,232.1614578767903,1.5819735160983877
C0036,2023-01-22,227.85969157409195,2.6328231892636134
C0036,2023-01-23,231.29355445526224,4.502566514477853
C0036,2023-01-24,230.23655947058094,3.775423248764981
C0036,2023-01-25,234.25194720967613,0.5428017623405207
C0036,2023-01-26,229.4829665551835,1.9973504099476924
C0036,2023-01-27,232.50116198158233,3.311554112151849
C0036,2023-01-28,232.7211827512226,2.2239358563141804
C0036,2023-01-29,230.868757151016,4.553811932047476
C0036,2023-01-30,229.9564103705648,2.6219636466679797
C0037,2023-01-01,234.050204870947,3.564611906466349
C0037,2023-01-02,232.29217282880805,0.5299890332954293
C0037,2023-01-03,230.29799964454347,4.906579816236022
C0037,2023-01-04,233.2814361130096,2.777166445782391
C0037,2023-01-05,232.81960737508186,2.7336994155485597
C0037,2023-01-06,228.9771261507718,4.95589234890239
C0037,2023-01-07,231.5088928628483,1.6917961139023725
C0037,2023-01-08,228.68044157562642,2.293808860644386
C0037,2023-01-09,231.20426706605124,0.8569602007319366
C0037,2023-01-10,230.14623871801905,4.782523234951261
C0037,2023-01-11,227.55136446023795,2.446451850832747
C0037,2023-01-12,232.82808305899613,3.8864553277344003
C0037,2023-01-13,231.32008724049155,3.741064306415613
C0037,2023-01-14,227.74784048494647,2.705479078934703
C0037,2023-01-15,228.95297880946757,3.031513410271742
C0037,2023-01-16,228.3484811973283,3.0379702723202513
C0037,2023-01-17,229.72222310691046,1.0108593722799535
C0037,2023-01-18,230.7728143299571,4.468268856953728
C0037,2023-01-19,228.93879052137004,2.0996453549379366
C0037,2023-01-20,230.8912038735989,3.162395633975659
C0037,2023-01-21,227.10952468241962,4.725635689881623
C0037,2023-01-22,231.3808751015481,0.8871107579861809
C0037,2023-01-23,231.5918829737006,0.9449706901915528
C0037,2023-01-24,231.25798090569535,2.1999076656924936
C0037,2023-01-25,226.54622461250153,4.265470544103079
C0037,2023-01-26,227.61209448482768,0.21572570403238067
C0037,2023-01-27,228.56076110215477,3.144494232189812
C0037,2023-01-28,228.54196803732412,0.18903538648121443
C0037,2023-01-29,231.58986114667337,1.5162078030696198
C0037,2023-01-30,231.7679795879404,2.960338842493491
C0038,2023-01-01,232.48539133973753,3.5892520289640775
C0038,2023-01-02,228.57869400827485,4.979300416391298
C0038,2023-01-03,226.81116968586727,3.328757307108096
C0038,2023-01-04,231.1142450515984,4.949943031235131
C0038,2023-01-05,228.17938964838612,0.6152130295915914
C0038,2023-01-06,230.45640709290856,1.0175426404211056
C0038,2023-01-07,229.51033734490414,4.6605796570514295
C0038,2023-01-08,226.42552135180713,0.8106462839317286
C0038,2023-01-09,232.51423111269295,1.269639762091546
C0038,2023-01-10,226.76605650363405,4.046033410538903
C0038,2023-01-11,229.7678277755723,0.20332218824288595
C0038,2023-01-12,229.38563092189233,4.668440353638898
C0038,2023-01-13,230.5578788560556,0.8706370484228443
C0038,2023-01-14,230.78882910796332,3.769335559654054
C0038,2023-01-15,230.56643745289952,4.830794701796321
C0038,2023-01-16,227.53661168482935,1.2117505244046511
C0038,2023-01-17,228.82529859534483,1.3541041401723346
C0038,2023-01-18,231.447269885682,1.5194844948527146
C0038,2023-01-19,229.24525656108986,2.0566560907646707
C0038,2023-01-20,228.88074185383869,3.1613798737442167
C0038,2023-01-21,229.05232396177482,2.004846036518985
C0038,2023-01-22,230.69254579415127,3.234890143837412
C0038,2023-01-23,232.02316562168826,2.583606979151743
C0038,2023-01-24,226.55116466057467,4.048862977825014
C0038,2023-01-25,231.78923867552925,3.085214130829917
C0038,2023-01-26,232.7322067955177,3.4603645385753063
C0038,2023-01-27,229.49661178823263,0.7433763524586529
C0038,2023-01-28,226.71088098600177,3.6681238757974377
C0038,2023-01-29,231.70298511656392,0.8551271108854075
C0038,2023-01-30,232.71281659298535,2.255801085831167
C0039,2023-01-01,228.42020435909026,2.8182864946844073
C0039,2023-01-02,228.05815846547762,3.8353243384301368
C0039,2023-01-03,230.46640579526104,4.628105972014043
C0039,2023-01-04,233.54999587590794,1.3592043737455244
C0039,2023-01-05,229.60489123444793,1.912657928810288
C0039,2023-01-06,229.9338797657179,4.577416511939228
C0039,2023-01-07,228.24811966341952,2.553654742204694
C0039,2023-01-08,231.81931692649556,0.4708435314071163
C0039,2023-01-09,232.04550089849897,3.106644831260189
C0039,2023-01-10,229.8847183923348,0.03606585848897781
C0039,2023-01-11,230.1145462051059,3.1831297555134084
C0039,2023-01-12,231.1880880712606,3.2567569103672604
C0039,2023-01-13,227.6919007158341,1.7584246290844552
C0039,2023-01-14,231.87246016241502,1.4740409296770118
C0039,2023-01-15,229.48776022110562,4.310289448576777
C0039,2023-01-16,227.87828421872447,1.8081677882243596
C0039,2023-01-17,228.15157648312,2.3558470926549235
C0039,2023-01-18,229.73039162493882,3.604216142435069
C0039,2023-01-19,231.25145989366507,2.42154110207029
C0039,2023-01-20,228.7679110816796,1.1066242694914352
C0039,2023-01-21,231.1703384802675,0.8707325778031044
C0039,2023-01-22,229.98120622618183,1.0637023178841138
C0039,2023-01-23,227.40461132906296,2.730259030374549
C0039,2023-01-24,231.44725366578493,2.8500771654142723
C0039,2023-01-25,230.29698679864194,3.814915981004834
C0039,2023-01-26,230.15167378100946,1.5939394479209856
C0039,2023-01-27,233.30900207199153,4.446687794280456
C0039,2023-01-28,229.06628904777295,0.15320573615733357
C0039,2023-01-29,228.72186085356955,4.991157576511438
C0039,2023-01-30,231.4780217657213,4.537222660837592
C0040,2023-01-01,227.56641176209646,3.9790142369278882
C0040,2023-01-02,229.78712668824159,1.632301492635953
C0040,2023-01-03,232.71241841612962,1.374631089966637
C0040,2023-01-04,229.7786010409323,1.3455731288752264
C0040,2023-01-05,232.69297927050636,3.2859885241843143
C0040,2023-01-06,228.42333159115884,4.087460245276172
C0040,2023-01-07,232.5970541391772,0.7444540735893496
C0040,2023-01-08,229.90169027393637,0.6258493248621294
C0040,2023-01-09,230.5835339373134,1.964383632007024
C0040,2023-01-10,230.08231806789337,4.611506722664752
C0040,2023-01-11,226.18961814294906,3.22201370909526
C0040,2023-01-12,226.7047504090351,3.0445551385723113
C0040,2023-01-13,230.49823088177254,0.4283166309153247
C0040,2023-01-14,231.04404309534416,0.6633570179625642
C0040,2023-01-15,230.8334975315625,4.574227912391646
C0040,2023-01-16,230.45640354952425,1.5625475665604576
C0040,2023-01-17,227.06707229633543,1.085377541036875
C0040,2023-01-18,232.35228609032018,2.01431169973206
C0040,2023-01-19,227.72588644195187,4.264662646939574
C0040,2023-01-20,232.6317361908975,2.295302003402404
C0040,2023-01-21,232.1458363668546,2.059210960790301
C0040,2023-01-22,227.24723993254153,1.4137331438569993
C0040,2023-01-23,231.48949504066556,3.8672018059138114
C0040,2023-01-24,228.99792251827841,4.869187638032893
C0040,2023-01-25,229.39676351874155,4.486198841363894
C0040,2023-01-26,232.77928760978406,3.4223234747114533
C0040,2023-01-27,229.18784660333046,0.6679829431401679
C0040,2023-01-28,229.1989055780635,2.3145226134333328
C0040,2023-01-29,229.22755177662577,0.9303349985846304
C0040,2023-01-30,232.54406179678463,3.737693053993918
C0041,2023-01-01,228.61777844347756,0.03618357538783756
C0041,2023-01-02,232.7606705899507,1.1057262086747721
C0041,2023-01-03,231.04711053844923,3.8001674674020194
C0041,2023-01-04,225.5181129949022,4.082831389812323
C0041,2023-01-05,229.2666057770128,3.077093031234524
C0041,2023-01-06,230.85150558679942,1.5886446854863419
C0041,2023-01-07,228.82069189563705,3.80637368634709
C0041,2023-01-08,229.82456435012577,0.33605674321659285
C0041,2023-01-09,226.40598140814703,2.0879492968737114
C0041,2023-01-10,233.02974651200532,1.5884988755047242
C0041,2023-01-11,229.33871815879374,3.3265923761022735
C0041,2023-01-12,229.07363533108213,4.613841691522348
C0041,2023-01-13,226.51042808685563,0.37928705015042974
C0041,2023-01-14,231.33748482696282,2.1446072042954527
C0041,2023-01-15,227.54298454485553,4.855460827884254
C0041,2023-01-16,230.1295691798206,3.228873301023679
C0041,2023-01-17,229.02066515909848,4.921499083575631
C0041,2023-01-18,229.88236802441622,1.883094023980127
C0041,2023-01-19,228.8759253369609,3.1268866729724314
C0041,2023-01-20,228.06753084805464,2.6984897990248764
C0041,2023-01-21,232.80639735981222,3.735991543606895
C0041,2023-01-22,234.1697483597941,3.2334926917888565
C0041,2023-01-23,232.252084739343,3.5398447739828227
C0041,2023-01-24,226.7953814378699,4.768514843088193
C0041,2023-01-25,227.60673823423076,3.6172899068321174
C0041,2023-01-26,233.56595979376954,4.039021212595844
C0041,2023-01-27,231.9320871530631,3.512758069109889
C0041,2023-01-28,234.74264171769775,4.879102301819781
C0041,2023-01-29,228.3715452943008,3.1653327839581658
C0041,2023-01-30,230.27720774365682,0.02388249736135606
C0042,2023-01-01,230.14484041035485,1.7756571051905108
C0042,2023-01-02,228.0858329428579,3.096431039720823
C0042,2023-01-03,231.6062933661157,0.866754577102305
C0042,2023-01-04,231.32666896775635,3.6179608533780208
C0042,2023-01-05,227.05471434003147,4.924767904595292
C0042,2023-01-06,228.63211752124414,4.0272029086260845
C0042,2023-01-07,230.56967389725185,4.110268597467821
C0042,2023-01-08,226.78426208525943,4.3060210188857955
C0042,2023-01-09,230.0880489843804,1.666844111679751
C0042,2023-01-10,230.5915284220704,3.70604968755542
C0042,2023-01-11,229.3418005445772,0.7200671580447321
C0042,2023-01-12,231.93093314184816,0.7689155258002606
C0042,2023-01-13,231.5044978561381,0.11772820944420281
C0042,2023-01-14,232.21608808667003,4.901694422771234
C0042,2023-01-15,232.99793089854379,2.7901700450324056
C0042,2023-01-16,231.46085991992572,1.5339519367541221
C0042,2023-01-17,228.15359528842558,4.76816146284137
C0042,2023-01-18,231.48940796228035,4.728795840010327
C0042,2023-01-19,231.58530298601997,0.1313726410956001
C0042,2023-01-20,229.02749634194274,1.8814807414780916
C0042,2023-01-21,230.3806672103109,3.243288602372723
C0042,2023-01-22,228.1481325455496,3.0611555806168727
C0042,2023-01-23,228.4261379431935,0.8700559910909977
C0042,2023-01-24,228.86578015303672,2.769588377163146
C0042,2023-01-25,231.21748242295521,1.1114368595474406
C0042,2023-01-26,230.14890209472765,0.5118730258120857
C0042,2023-01-27,230.41381513797955,3.6790851249848027
C0042,2023-01-28,226.80303019764366,2.7652147627814476
C0042,2023-01-29,226.9491791037385,0.5058395100070867
C0042,2023-01-30,228.5763565773218,4.927757909919946
C0043,2023-01-01,231.69604378972255,1.835165344139067
C0043,2023-01-02,232.04151319951228,1.7053522306673419
C0043,2023-01-03,227.19750703129927,3.4979342046236623
C0043,2023-01-04,228.3341090596856,4.897056558614018
C0043,2023-01-05,228.06859008851578,3.798163014051185
C0043,2023-01-06,229.75744566591447,3.103042031223471
C0043,2023-01-07,230.07534465556012,0.7478031884187475
C0043,2023-01-08,228.61645559139632,0.01307838365764813
C0043,2023-01-09,228.6156473720597,1.307084888348467
C0043,2023-01-10,231.40626955098273,3.8312629784958223
C0043,2023-01-11,232.17978715418735,0.5765367467828758
C0043,2023-01-12,231.79673656273593,0.5249226128988826
C0043,2023-01-13,227.8516980323543,3.1660453661762795
C0043,2023-01-14,228.30565290390004,3.540616723770857
C0043,2023-01-15,227.29592552618115,2.4114991668002417
C0043,2023-01-16,228.33568796059572,0.16775489471977212
C0043,2023-01-17,229.94576461059185,2.7921998524355054
C0043,2023-01-18,228.38400128221696,2.7756775360080423
C0043,2023-01-19,226.89201285983972,4.845899618339881
C0043,2023-01-20,228.8835224491618,4.32530923936718
C0043,2023-01-21,232.65045011207988,2.2895843980371424
C0043,2023-01-22,229.80527662200404,1.345346592466115
C0043,2023-01-23,230.321359150431,3.04956394847756
C0043,2023-01-24,230.64494166291036,1.8281993543553172
C0043,2023-01-25,229.015259986486,4.7529096346513695
C0043,2023-01-26,227.57822256001504,1.6229664766464529
C0043,2023-01-27,231.55891513118962,0.6397372507920002
C0043,2023-01-28,228.9259674586754,3.6035178749314882
C0043,2023-01-29,229.05876136203787,3.2603096799077163
C0043,2023-01-30,229.040641748988,3.2904120204901286
C0044,2023-01-01,227.57588173095124,2.70267336856274
C0044,2023-01-02,229.02119808620586,2.6544721582043245
C0044,2023-01-03,231.09368156205971,2.865578609909626
C0044,2023-01-04,230.14916666324297,2.7397441778807474
C0044,2023-01-05,227.4928540963497,2.6381036551868453
C0044,2023-01-06,232.7808344425117,3.5740601017587674
C0044,2023-01-07,232.3427277822683,1.9810057325662296
C0044,2023-01-08,230.09125064364395,3.2914930866602243
C0044,2023-01-09,229.45840620119756,1.5372347999653713
C0044,2023-01-10,227.08777366156937,1.02980326673987
C0044,2023-01-11,225.56251351165315,3.3471025389198967
C0044,2023-01-12,228.87152617318674,4.470307894450507
C0044,2023-01-13,229.75930816849626,1.9302788066430017
C0044,2023-01-14,230.6690214062346,1.4985365324261561
C0044,2023-01-15,226.31944826805463,4.216235885781833
C0044,2023-01-16,230.7601932266986,2.9228774712616685
C0044,2023-01-17,229.78215852439848,4.126326151051031
C0044,2023-01-18,229.56447178990928,2.2044685855005497
C0044,2023-01-19,231.1142128734473,4.763317398498234
C0044,2023-01-20,230.57858285561278,1.4024864330391056
C0044,2023-01-21,229.98524079688224,2.406425541766385
C0044,2023-01-22,229.51804872722923,4.209450471284055
C0044,2023-01-23,230.03665891178804,1.3116529867011062
C0044,2023-01-24,232.610734551114,2.8954740347281134
C0044,2023-01-25,231.58973813973986,1.8417714691371674
C0044,2023-01-26,229.10735982761474,1.370164832477696
C0044,2023-01-27,232.22438405572956,0.7024907947476955
C0044,2023-01-28,231.3795730228574,0.3493757658679669
C0044,2023-01-29,229.48750586969237,4.2051250475083455
C0044,2023-01-30,231.53728044466766,1.791566169056491
C0045,2023-01-01,232.38703484537572,1.0276996568111674
C0045,2023-01-02,231.26356118903772,4.145362807979071
C0045,2023-01-03,232.78841217146953,1.8018410936305767
C0045,2023-01-04,230.36509590781137,2.039839702793613
C0045,2023-01-05,231.8191182046214,1.7954161803670865
C0045,2023-01-06,231.49810113929723,4.26163941886366
C0045,2023-01-07,234.61813955764214,4.909491879435035
C0045,2023-01-08,231.776115199232,2.175587040853228
C0045,2023-01-09,230.0010852396747,3.9002165533779087
C0045,2023-01-10,229.81403885455518,2.881591176231198
C0045,2023-01-11,232.62517766784387,2.4353686850820018
C0045,2023-01-12,229.42700491649666,4.294721820772523
C0045,2023-01-13,230.2200235094114,2.83062429121322
C0045,2023-01-14,228.04170720400222,0.2908696109587622
C0045,2023-01-15,229.96174919277746,4.195224773346376
C0045,2023-01-16,229.68112990312605,2.3380714621659116
C0045,2023-01-17,231.77305632015504,0.8345615203584489
C0045,2023-01-18,231.14047171271642,2.2590749865449755
C0045,2023-01-19,226.0547605314801,1.9563074616837184
C0045,2023-01-20,232.2889310933271,4.892601998834956
C0045,2023-01-21,226.99361026057235,3.3108262469826584
C0045,2023-01-22,229.27675324141575,4.670327861401335
C0045,2023-01-23,230.994579672211,2.5523579744139626
C0045,2023-01-24,230.48204917459466,1.1172522672926761
C0045,2023-01-25,230.32780111101943,0.21508134317922312
C0045,2023-01-26,228.08123097976724,2.7749255190421147
C0045,2023-01-27,228.8773353637196,1.982000327256126
C0045,2023-01-28,226.7539208759211,1.1545964444883445
C0045,2023-01-29,227.72304001795018,1.5100338114727223
C0045,2023-01-30,228.76811669827222,3.866607701795919
C0046,2023-01-01,230.94395897585756,1.7404252194018515
C0046,2023-01-02,228.59527525787146,2.5929752974640943
C0046,2023-01-03,227.73337500707723,4.500904442728791
C0046,2023-01-04,233.28607042461033,4.92087699474736
C0046,2023-01-05,231.09121049176767,2.6870606752395436
C0046,2023-01-06,229.2744093067052,4.059309571146333
C0046,2023-01-07,233.52073087144694,2.6396067823656946
C0046,2023-01-08,229.89980423529775,3.442730520989612
C0046,2023-01-09,231.28744744736363,3.2312800075605645
C0046,2023-01-10,233.5860576984249,2.5288474478315197
C0046,2023-01-11,229.73922903928755,0.7375884146222933
C0046,2023-01-12,230.48459185353497,3.316494060348588
C0046,2023-01-13,231.03892026273158,0.14666744271116694
C0046,2023-01-14,229.61333755872235,3.6995731956316935
C0046,2023-01-15,229.86308322358633,0.44949426981596763
C0046,2023-01-16,229.07359937981315,1.4592349208536004
C0046,2023-01-17,231.64955090585093,2.5998920403984247
C0046,2023-01-18,230.5781733370265,3.5017890745624136
C0046,2023-01-19,231.08179958786837,3.2520837313514055
C0046,2023-01-20,230.60334655921514,2.7204920764261047
C0046,2023-01-21,228.0129180576012,3.8834825588110693
C0046,2023-01-22,229.232912676299,1.6922165039115455
C0046,2023-01-23,229.6662889833309,0.04968189181884686
C0046,2023-01-24,229.8836083979938,2.904704940903233
C0046,2023-01-25,228.0054516676279,2.254315232384521
C0046,2023-01-26,229.49525828118718,3.6227010237269774
C0046,2023-01-27,230.7154235537646,0.9370817358337502
C0046,2023-01-28,231.1810251678715,0.5012191940286048
C0046,2023-01-29,230.35623228296748,4.01696727602513
C0046,2023-01-30,228.50886111828532,1.8614538578229323
C0047,2023-01-01,226.6534699654626,1.791973212134772
C0047,2023-01-02,228.0940619142822,4.6233493111381545
C0047,2023-01-03,224.2237449897002,4.5333877620206975
C0047,2023-01-04,228.91157236890763,0.5361530499875328
C0047,2023-01-05,224.48540473619175,3.146081255051612
C0047,2023-01-06,228.497758376049,2.7994701153805632
C0047,2023-01-07,230.90243811133612,3.9529810810552486
C0047,2023-01-08,229.66379756002254,4.638049364444936
C0047,2023-01-09,233.04709416691924,2.1527901422664493
C0047,2023-01-10,227.9537488470868,1.1161185005893337
C0047,2023-01-11,226.5426901563217,2.3085996786493186
C0047,2023-01-12,232.89016120574894,1.7955779620194101
C0047,2023-01-13,234.3965021617915,0.6419612269690833
C0047,2023-01-14,228.1938813622451,2.59335927140575
C0047,2023-01-15,228.19575646484336,3.130730232410315
C0047,2023-01-16,230.21174990099408,3.426121249045089
C0047,2023-01-17,229.56507289666644,0.680203670763514
C0047,2023-01-18,233.47009957502942,1.5792578759105909
C0047,2023-01-19,229.3134697662878,0.0014517426338828132
C0047,2023-01-20,231.49681870551737,0.33996188518170434
C0047,2023-01-21,233.93419691168967,4.484287541909094
C0047,2023-01-22,229.87149887689208,2.048999671499578
C0047,2023-01-23,231.1577700624979,2.2839435259257543
C0047,2023-01-24,228.33635282359373,2.0693701734898227
C0047,2023-01-25,232.18745345527716,3.2960757103374796
C0047,2023-01-26,232.9111777129947,0.12493438956643788
C0047,2023-01-27,230.2889746443398,2.205792019284937
C0047,2023-01-28,228.9875217588332,0.12029240033379074
C0047,2023-01-29,231.03853125724478,1.5858233490064022
C0047,2023-01-30,229.59444781131288,0.5826383035435312
C0048,2023-01-01,228.65311726201483,3.0662966646365364
C0048,2023-01-02,229.09784833711436,0.4052915952333247
C0048,2023-01-03,224.8018884142831,1.782350468705482
C0048,2023-01-04,228.1973215308216,3.8994599851372187
C0048,2023-01-05,231.9223734671145,1.5689697708394919
C0048,2023-01-06,232.20748255742245,1.661329499290879
C0048,2023-01-07,229.6614995652971,2.349935190460336
C0048,2023-01-08,230.5313253457461,2.4832681657602738
C0048,2023-01-09,231.035662047565,4.175263981407175
C0048,2023-01-10,230.96083574219813,4.514221082380981
C0048,2023-01-11,231.64407251618138,4.259906823741369
C0048,2023-01-12,228.3497477246558,0.7279442097323652
C0048,2023-01-13,227.7163773710217,4.126804378719522
C0048,2023-01-14,230.3275741757722,2.647679681041421
C0048,2023-01-15,228.32243115017945,1.9832793977512249
C0048,2023-01-16,227.538280228869,1.9746688952945286
C0048,2023-01-17,231.0716802118204,4.936252344681416
C0048,2023-01-18,230.38039761165558,3.306357045663788
C0048,2023-01-19,230.11786559830782,2.6649050957771623
C0048,2023-01-20,231.89914468638634,3.1301197599702064
C0048,2023-01-21,225.48835198687775,2.0104312214706255
C0048,2023-01-22,229.8231512476433,2.785428368732994
C0048,2023-01-23,226.3299155138732,2.757518578423021
C0048,2023-01-24,230.8995344072887,3.7852996444919067
C0048,2023-01-25,233.36484283779458,2.2139501023004375
C0048,2023-01-26,232.28385864445406,4.783052634815002
C0048,2023-01-27,230.1042268791973,0.520674776257059
C0048,2023-01-28,230.4870590503588,3.8875895247561347
C0048,2023-01-29,228.4606849680488,0.6121172460312668
C0048,2023-01-30,228.13728099967636,4.3043129683377614
C0049,2023-01-01,230.9411953204197,0.7545015514440112
C0049,2023-01-02,231.07277642016984,3.92814068860371
C0049,2023-01-03,228.7082362682763,1.290548548416215
C0049,2023-01-04,229.6928253162546,3.2236943483415597
C0049,2023-01-05,231.02475277828717,4.901728032208448
C0049,2023-01-06,226.60003905904426,0.2336948521301624
C0049,2023-01-07,231.02110600781592,2.541689577924946
C0049,2023-01-08,229.19662449468635,4.101344758607467
C0049,2023-01-09,230.4858509918848,4.601981512165985
C0049,2023-01-10,229.86163407550424,2.673489332732602
C0049,2023-01-11,231.3951094901559,3.3552857117889365
C0049,2023-01-12,232.68080523353288,2.9354483570259795
C0049,2023-01-13,228.78934991362308,4.663234063512542
C0049,2023-01-14,232.50909016561224,3.7002247418141803
C0049,2023-01-15,232.67705175961626,3.7854596020236695
C0049,2023-01-16,230.881765098359,4.654846690631351
C0049,2023-01-17,228.3901252244426,1.9494279383935742
C0049,2023-01-18,226.54580358740614,1.869305093983793
C0049,2023-01-19,230.06090778010957,4.476211115096266
C0049,2023-01-20,225.6837958859133,2.0016856010357498
C0049,2023-01-21,231.78694008027705,4.673191695697088
C0049,2023-01-22,228.783447593285,4.628823839873309
C0049,2023-01-23,228.94577216447945,0.18087035250213657
C0049,2023-01-24,230.97891359351536,2.3692100276073353
C0049,2023-01-25,230.5318015341799,4.29415781285649
C0049,2023-01-26,229.48913841842548,4.812183671239022
C0049,2023-01-27,229.58100970613077,4.481633666245343
C0049,2023-01-28,228.24716964933154,4.021296014393904
C0049,2023-01-29,232.15454928212495,1.5105294903282434
C0049,2023-01-30,226.66549872224772,0.8019593054345159
